user_id,skill_name,correct
user1,39,1
user2,39,1
user3,39,1
user4,39,1
user5,39,1
user6,39,1
user7,39,0
user8,39,1
user9,39,1
user10,39,1
user11,39,1
user12,39,1
user13,39,1
user14,39,1
user15,39,1
user16,39,1
user17,39,0
user18,39,1
user19,39,1
user20,39,1
user21,39,1
user22,39,1
user23,39,1
user24,39,1
user25,39,1
user26,39,1
user27,39,1
user28,39,0
user29,39,1
user30,39,1
user31,39,1
user32,39,0
user33,39,1
user34,39,1
user35,39,1
user36,39,1
user37,39,1
user38,39,1
user39,39,1
user40,39,1
user41,39,1
user42,39,0
user43,39,1
user44,39,1
user45,39,0
user46,39,1
user47,39,1
user48,39,1
user49,39,1
user50,39,0
user51,39,1
user52,39,1
user53,39,0
user54,39,1
user55,39,1
user56,39,1
user57,39,0
user58,39,1
user59,39,1
user60,39,1
user61,39,1
user62,39,1
user63,39,1
user64,39,1
user65,39,1
user66,39,1
user67,39,0
user68,39,1
user69,39,1
user70,39,0
user71,39,1
user72,39,1
user73,39,0
user74,39,1
user75,39,1
user76,39,1
user77,39,1
user78,39,1
user79,39,1
user80,39,1
user81,39,1
user82,39,0
user83,39,1
user84,39,1
user85,39,1
user86,39,1
user87,39,1
user88,39,1
user89,39,0
user90,39,1
user91,39,1
user92,39,1
user93,39,1
user94,39,1
user95,39,1
user96,39,1
user97,39,0
user98,39,1
user99,39,1
user100,39,1
user1,40,1
user2,40,1
user3,40,1
user4,40,1
user5,40,1
user6,40,0
user7,40,1
user8,40,1
user9,40,1
user10,40,1
user11,40,1
user12,40,1
user13,40,1
user14,40,1
user15,40,1
user16,40,1
user17,40,1
user18,40,1
user19,40,0
user20,40,0
user21,40,1
user22,40,1
user23,40,1
user24,40,1
user25,40,1
user26,40,0
user27,40,1
user28,40,1
user29,40,1
user30,40,1
user31,40,0
user32,40,1
user33,40,1
user34,40,1
user35,40,0
user36,40,1
user37,40,1
user38,40,1
user39,40,1
user40,40,1
user41,40,1
user42,40,0
user43,40,1
user44,40,1
user45,40,1
user46,40,1
user47,40,1
user48,40,1
user49,40,1
user50,40,1
user51,40,1
user52,40,1
user53,40,1
user54,40,0
user55,40,1
user56,40,1
user57,40,1
user58,40,1
user59,40,1
user60,40,1
user61,40,1
user62,40,0
user63,40,1
user64,40,1
user65,40,1
user66,40,1
user67,40,0
user68,40,1
user69,40,1
user70,40,1
user71,40,1
user72,40,1
user73,40,1
user74,40,1
user75,40,1
user76,40,1
user77,40,0
user78,40,1
user79,40,1
user80,40,1
user81,40,1
user82,40,1
user83,40,1
user84,40,1
user85,40,1
user86,40,1
user87,40,0
user88,40,1
user89,40,0
user90,40,1
user91,40,0
user92,40,1
user93,40,1
user94,40,0
user95,40,1
user96,40,1
user97,40,1
user98,40,1
user99,40,1
user100,40,1
user1,41,0
user2,41,0
user3,41,1
user4,41,1
user5,41,1
user6,41,1
user7,41,1
user8,41,1
user9,41,1
user10,41,1
user11,41,1
user12,41,1
user13,41,1
user14,41,1
user15,41,1
user16,41,1
user17,41,0
user18,41,1
user19,41,1
user20,41,1
user21,41,0
user22,41,1
user23,41,1
user24,41,1
user25,41,1
user26,41,1
user27,41,1
user28,41,1
user29,41,1
user30,41,0
user31,41,1
user32,41,1
user33,41,1
user34,41,1
user35,41,1
user36,41,1
user37,41,1
user38,41,1
user39,41,0
user40,41,1
user41,41,1
user42,41,1
user43,41,1
user44,41,1
user45,41,1
user46,41,1
user47,41,0
user48,41,1
user49,41,1
user50,41,1
user51,41,1
user52,41,1
user53,41,1
user54,41,1
user55,41,1
user56,41,1
user57,41,1
user58,41,1
user59,41,1
user60,41,1
user61,41,1
user62,41,0
user63,41,0
user64,41,1
user65,41,1
user66,41,1
user67,41,1
user68,41,1
user69,41,1
user70,41,1
user71,41,0
user72,41,1
user73,41,0
user74,41,1
user75,41,1
user76,41,1
user77,41,1
user78,41,1
user79,41,0
user80,41,1
user81,41,1
user82,41,1
user83,41,1
user84,41,1
user85,41,1
user86,41,1
user87,41,1
user88,41,0
user89,41,1
user90,41,0
user91,41,1
user92,41,1
user93,41,1
user94,41,1
user95,41,1
user96,41,0
user97,41,1
user98,41,1
user99,41,1
user100,41,1
user1,42,1
user2,42,1
user3,42,1
user4,42,1
user5,42,1
user6,42,1
user7,42,1
user8,42,1
user9,42,1
user10,42,1
user11,42,1
user12,42,1
user13,42,1
user14,42,1
user15,42,1
user16,42,0
user17,42,1
user18,42,1
user19,42,0
user20,42,1
user21,42,0
user22,42,1
user23,42,1
user24,42,1
user25,42,0
user26,42,1
user27,42,1
user28,42,1
user29,42,1
user30,42,1
user31,42,1
user32,42,1
user33,42,0
user34,42,1
user35,42,1
user36,42,1
user37,42,1
user38,42,1
user39,42,1
user40,42,1
user41,42,1
user42,42,1
user43,42,0
user44,42,0
user45,42,1
user46,42,1
user47,42,1
user48,42,1
user49,42,1
user50,42,1
user51,42,0
user52,42,1
user53,42,0
user54,42,1
user55,42,0
user56,42,1
user57,42,1
user58,42,1
user59,42,1
user60,42,1
user61,42,1
user62,42,1
user63,42,1
user64,42,1
user65,42,0
user66,42,1
user67,42,1
user68,42,1
user69,42,0
user70,42,1
user71,42,1
user72,42,0
user73,42,1
user74,42,1
user75,42,1
user76,42,1
user77,42,1
user78,42,0
user79,42,1
user80,42,1
user81,42,1
user82,42,1
user83,42,1
user84,42,1
user85,42,1
user86,42,1
user87,42,1
user88,42,1
user89,42,1
user90,42,1
user91,42,1
user92,42,0
user93,42,1
user94,42,1
user95,42,1
user96,42,1
user97,42,1
user98,42,1
user99,42,1
user100,42,1
user1,43,0
user2,43,1
user3,43,1
user4,43,1
user5,43,1
user6,43,1
user7,43,1
user8,43,1
user9,43,0
user10,43,1
user11,43,1
user12,43,1
user13,43,1
user14,43,1
user15,43,1
user16,43,0
user17,43,1
user18,43,1
user19,43,1
user20,43,1
user21,43,1
user22,43,1
user23,43,1
user24,43,1
user25,43,1
user26,43,1
user27,43,1
user28,43,1
user29,43,1
user30,43,1
user31,43,1
user32,43,1
user33,43,1
user34,43,1
user35,43,1
user36,43,0
user37,43,1
user38,43,1
user39,43,1
user40,43,1
user41,43,1
user42,43,0
user43,43,1
user44,43,0
user45,43,1
user46,43,0
user47,43,1
user48,43,0
user49,43,1
user50,43,1
user51,43,1
user52,43,1
user53,43,1
user54,43,1
user55,43,1
user56,43,1
user57,43,1
user58,43,1
user59,43,1
user60,43,1
user61,43,1
user62,43,1
user63,43,1
user64,43,1
user65,43,0
user66,43,1
user67,43,0
user68,43,1
user69,43,1
user70,43,1
user71,43,1
user72,43,1
user73,43,1
user74,43,1
user75,43,1
user76,43,0
user77,43,1
user78,43,1
user79,43,1
user80,43,1
user81,43,1
user82,43,1
user83,43,0
user84,43,0
user85,43,1
user86,43,1
user87,43,1
user88,43,0
user89,43,0
user90,43,1
user91,43,1
user92,43,1
user93,43,1
user94,43,1
user95,43,1
user96,43,1
user97,43,1
user98,43,1
user99,43,1
user100,43,1
user1,44,1
user2,44,0
user3,44,1
user4,44,1
user5,44,1
user6,44,0
user7,44,1
user8,44,0
user9,44,0
user10,44,1
user11,44,1
user12,44,1
user13,44,1
user14,44,1
user15,44,0
user16,44,1
user17,44,0
user18,44,1
user19,44,1
user20,44,0
user21,44,1
user22,44,1
user23,44,1
user24,44,0
user25,44,1
user26,44,1
user27,44,1
user28,44,1
user29,44,1
user30,44,1
user31,44,0
user32,44,1
user33,44,1
user34,44,1
user35,44,1
user36,44,1
user37,44,1
user38,44,1
user39,44,1
user40,44,1
user41,44,1
user42,44,1
user43,44,1
user44,44,1
user45,44,1
user46,44,1
user47,44,1
user48,44,1
user49,44,1
user50,44,1
user51,44,1
user52,44,1
user53,44,1
user54,44,1
user55,44,1
user56,44,1
user57,44,1
user58,44,0
user59,44,1
user60,44,1
user61,44,0
user62,44,1
user63,44,1
user64,44,1
user65,44,1
user66,44,1
user67,44,1
user68,44,1
user69,44,1
user70,44,1
user71,44,1
user72,44,1
user73,44,1
user74,44,1
user75,44,1
user76,44,0
user77,44,1
user78,44,1
user79,44,1
user80,44,1
user81,44,1
user82,44,1
user83,44,1
user84,44,1
user85,44,1
user86,44,1
user87,44,1
user88,44,0
user89,44,1
user90,44,0
user91,44,0
user92,44,1
user93,44,1
user94,44,1
user95,44,1
user96,44,1
user97,44,1
user98,44,1
user99,44,1
user100,44,1
user1,45,1
user2,45,1
user3,45,1
user4,45,1
user5,45,0
user6,45,1
user7,45,1
user8,45,1
user9,45,1
user10,45,1
user11,45,0
user12,45,1
user13,45,1
user14,45,1
user15,45,1
user16,45,1
user17,45,1
user18,45,1
user19,45,1
user20,45,0
user21,45,0
user22,45,1
user23,45,1
user24,45,1
user25,45,1
user26,45,1
user27,45,1
user28,45,1
user29,45,1
user30,45,1
user31,45,1
user32,45,0
user33,45,1
user34,45,1
user35,45,1
user36,45,1
user37,45,0
user38,45,1
user39,45,1
user40,45,1
user41,45,1
user42,45,1
user43,45,1
user44,45,1
user45,45,1
user46,45,1
user47,45,1
user48,45,1
user49,45,1
user50,45,1
user51,45,1
user52,45,1
user53,45,0
user54,45,1
user55,45,1
user56,45,1
user57,45,1
user58,45,1
user59,45,0
user60,45,1
user61,45,1
user62,45,1
user63,45,0
user64,45,1
user65,45,1
user66,45,1
user67,45,0
user68,45,1
user69,45,1
user70,45,1
user71,45,1
user72,45,0
user73,45,1
user74,45,1
user75,45,1
user76,45,1
user77,45,0
user78,45,1
user79,45,1
user80,45,1
user81,45,1
user82,45,1
user83,45,1
user84,45,1
user85,45,1
user86,45,1
user87,45,0
user88,45,1
user89,45,1
user90,45,1
user91,45,1
user92,45,1
user93,45,0
user94,45,1
user95,45,1
user96,45,1
user97,45,0
user98,45,1
user99,45,1
user100,45,1
user1,46,1
user2,46,1
user3,46,1
user4,46,1
user5,46,1
user6,46,1
user7,46,1
user8,46,1
user9,46,1
user10,46,0
user11,46,1
user12,46,1
user13,46,1
user14,46,1
user15,46,1
user16,46,1
user17,46,1
user18,46,1
user19,46,1
user20,46,1
user21,46,0
user22,46,1
user23,46,1
user24,46,0
user25,46,1
user26,46,1
user27,46,1
user28,46,0
user29,46,0
user30,46,1
user31,46,1
user32,46,0
user33,46,1
user34,46,1
user35,46,1
user36,46,0
user37,46,1
user38,46,1
user39,46,1
user40,46,1
user41,46,1
user42,46,1
user43,46,1
user44,46,1
user45,46,0
user46,46,1
user47,46,1
user48,46,1
user49,46,1
user50,46,1
user51,46,1
user52,46,1
user53,46,0
user54,46,1
user55,46,1
user56,46,1
user57,46,1
user58,46,0
user59,46,1
user60,46,1
user61,46,1
user62,46,1
user63,46,0
user64,46,1
user65,46,1
user66,46,1
user67,46,1
user68,46,1
user69,46,1
user70,46,1
user71,46,1
user72,46,1
user73,46,1
user74,46,1
user75,46,1
user76,46,1
user77,46,1
user78,46,0
user79,46,1
user80,46,1
user81,46,0
user82,46,1
user83,46,1
user84,46,1
user85,46,1
user86,46,1
user87,46,1
user88,46,1
user89,46,1
user90,46,0
user91,46,1
user92,46,1
user93,46,1
user94,46,1
user95,46,1
user96,46,0
user97,46,1
user98,46,1
user99,46,1
user100,46,1
user1,47,1
user2,47,0
user3,47,1
user4,47,0
user5,47,1
user6,47,1
user7,47,0
user8,47,1
user9,47,1
user10,47,1
user11,47,0
user12,47,1
user13,47,1
user14,47,1
user15,47,1
user16,47,1
user17,47,1
user18,47,1
user19,47,1
user20,47,1
user21,47,1
user22,47,1
user23,47,1
user24,47,1
user25,47,1
user26,47,1
user27,47,1
user28,47,1
user29,47,1
user30,47,1
user31,47,1
user32,47,1
user33,47,0
user34,47,1
user35,47,1
user36,47,1
user37,47,0
user38,47,0
user39,47,1
user40,47,1
user41,47,1
user42,47,1
user43,47,1
user44,47,0
user45,47,1
user46,47,1
user47,47,1
user48,47,1
user49,47,1
user50,47,1
user51,47,1
user52,47,1
user53,47,1
user54,47,0
user55,47,0
user56,47,1
user57,47,1
user58,47,1
user59,47,1
user60,47,0
user61,47,1
user62,47,0
user63,47,1
user64,47,1
user65,47,1
user66,47,1
user67,47,1
user68,47,1
user69,47,1
user70,47,0
user71,47,1
user72,47,1
user73,47,1
user74,47,1
user75,47,1
user76,47,1
user77,47,1
user78,47,1
user79,47,1
user80,47,1
user81,47,1
user82,47,1
user83,47,0
user84,47,1
user85,47,1
user86,47,1
user87,47,1
user88,47,1
user89,47,1
user90,47,1
user91,47,1
user92,47,1
user93,47,1
user94,47,1
user95,47,1
user96,47,1
user97,47,1
user98,47,1
user99,47,1
user100,47,0
user1,48,1
user2,48,1
user3,48,1
user4,48,1
user5,48,1
user6,48,1
user7,48,1
user8,48,1
user9,48,1
user10,48,0
user11,48,1
user12,48,1
user13,48,1
user14,48,1
user15,48,0
user16,48,1
user17,48,1
user18,48,1
user19,48,1
user20,48,1
user21,48,1
user22,48,1
user23,48,1
user24,48,1
user25,48,1
user26,48,0
user27,48,1
user28,48,1
user29,48,1
user30,48,1
user31,48,1
user32,48,1
user33,48,1
user34,48,1
user35,48,1
user36,48,1
user37,48,1
user38,48,0
user39,48,1
user40,48,0
user41,48,1
user42,48,1
user43,48,0
user44,48,1
user45,48,1
user46,48,1
user47,48,1
user48,48,1
user49,48,1
user50,48,1
user51,48,0
user52,48,1
user53,48,0
user54,48,1
user55,48,0
user56,48,1
user57,48,1
user58,48,1
user59,48,1
user60,48,0
user61,48,1
user62,48,1
user63,48,1
user64,48,1
user65,48,0
user66,48,1
user67,48,1
user68,48,0
user69,48,1
user70,48,1
user71,48,1
user72,48,1
user73,48,1
user74,48,1
user75,48,1
user76,48,1
user77,48,1
user78,48,0
user79,48,1
user80,48,1
user81,48,1
user82,48,0
user83,48,1
user84,48,1
user85,48,0
user86,48,1
user87,48,1
user88,48,1
user89,48,1
user90,48,1
user91,48,1
user92,48,1
user93,48,1
user94,48,1
user95,48,1
user96,48,1
user97,48,1
user98,48,1
user99,48,1
user100,48,1
user1,49,1
user2,49,1
user3,49,0
user4,49,1
user5,49,1
user6,49,1
user7,49,1
user8,49,1
user9,49,0
user10,49,1
user11,49,1
user12,49,1
user13,49,1
user14,49,1
user15,49,1
user16,49,1
user17,49,1
user18,49,1
user19,49,1
user20,49,1
user21,49,1
user22,49,1
user23,49,1
user24,49,1
user25,49,1
user26,49,1
user27,49,1
user28,49,0
user29,49,1
user30,49,1
user31,49,1
user32,49,1
user33,49,1
user34,49,1
user35,49,1
user36,49,0
user37,49,0
user38,49,0
user39,49,1
user40,49,1
user41,49,1
user42,49,1
user43,49,1
user44,49,1
user45,49,1
user46,49,1
user47,49,1
user48,49,1
user49,49,1
user50,49,1
user51,49,1
user52,49,1
user53,49,1
user54,49,1
user55,49,1
user56,49,1
user57,49,1
user58,49,1
user59,49,0
user60,49,1
user61,49,1
user62,49,1
user63,49,1
user64,49,1
user65,49,1
user66,49,1
user67,49,1
user68,49,1
user69,49,1
user70,49,1
user71,49,1
user72,49,1
user73,49,1
user74,49,1
user75,49,1
user76,49,1
user77,49,1
user78,49,1
user79,49,1
user80,49,1
user81,49,0
user82,49,0
user83,49,0
user84,49,1
user85,49,1
user86,49,1
user87,49,1
user88,49,0
user89,49,0
user90,49,1
user91,49,0
user92,49,1
user93,49,0
user94,49,1
user95,49,0
user96,49,1
user97,49,1
user98,49,1
user99,49,1
user100,49,1
user1,50,0
user2,50,1
user3,50,0
user4,50,1
user5,50,1
user6,50,1
user7,50,1
user8,50,1
user9,50,1
user10,50,1
user11,50,1
user12,50,0
user13,50,1
user14,50,1
user15,50,1
user16,50,1
user17,50,1
user18,50,1
user19,50,1
user20,50,1
user21,50,1
user22,50,1
user23,50,1
user24,50,1
user25,50,1
user26,50,1
user27,50,1
user28,50,1
user29,50,1
user30,50,1
user31,50,1
user32,50,1
user33,50,1
user34,50,0
user35,50,0
user36,50,1
user37,50,1
user38,50,0
user39,50,1
user40,50,1
user41,50,1
user42,50,1
user43,50,1
user44,50,1
user45,50,1
user46,50,0
user47,50,1
user48,50,1
user49,50,1
user50,50,1
user51,50,1
user52,50,1
user53,50,0
user54,50,1
user55,50,1
user56,50,0
user57,50,1
user58,50,1
user59,50,1
user60,50,1
user61,50,1
user62,50,0
user63,50,0
user64,50,1
user65,50,1
user66,50,0
user67,50,1
user68,50,1
user69,50,1
user70,50,1
user71,50,1
user72,50,1
user73,50,1
user74,50,1
user75,50,1
user76,50,0
user77,50,1
user78,50,1
user79,50,1
user80,50,1
user81,50,0
user82,50,1
user83,50,1
user84,50,1
user85,50,0
user86,50,1
user87,50,1
user88,50,1
user89,50,1
user90,50,1
user91,50,1
user92,50,1
user93,50,1
user94,50,1
user95,50,1
user96,50,1
user97,50,1
user98,50,1
user99,50,1
user100,50,1
user1,51,1
user2,51,1
user3,51,1
user4,51,1
user5,51,0
user6,51,1
user7,51,1
user8,51,1
user9,51,0
user10,51,0
user11,51,1
user12,51,1
user13,51,1
user14,51,1
user15,51,1
user16,51,1
user17,51,1
user18,51,1
user19,51,1
user20,51,1
user21,51,1
user22,51,1
user23,51,1
user24,51,1
user25,51,1
user26,51,1
user27,51,1
user28,51,1
user29,51,1
user30,51,1
user31,51,1
user32,51,1
user33,51,1
user34,51,1
user35,51,0
user36,51,1
user37,51,1
user38,51,1
user39,51,1
user40,51,1
user41,51,1
user42,51,1
user43,51,1
user44,51,1
user45,51,1
user46,51,1
user47,51,1
user48,51,1
user49,51,1
user50,51,1
user51,51,1
user52,51,0
user53,51,1
user54,51,1
user55,51,0
user56,51,1
user57,51,1
user58,51,1
user59,51,1
user60,51,1
user61,51,1
user62,51,0
user63,51,1
user64,51,1
user65,51,1
user66,51,1
user67,51,1
user68,51,1
user69,51,0
user70,51,1
user71,51,1
user72,51,0
user73,51,1
user74,51,1
user75,51,0
user76,51,1
user77,51,1
user78,51,1
user79,51,0
user80,51,0
user81,51,1
user82,51,0
user83,51,0
user84,51,1
user85,51,1
user86,51,1
user87,51,1
user88,51,1
user89,51,0
user90,51,1
user91,51,1
user92,51,1
user93,51,1
user94,51,1
user95,51,1
user96,51,1
user97,51,1
user98,51,1
user99,51,1
user100,51,1
user1,52,1
user2,52,1
user3,52,1
user4,52,1
user5,52,1
user6,52,1
user7,52,1
user8,52,1
user9,52,1
user10,52,1
user11,52,0
user12,52,0
user13,52,1
user14,52,0
user15,52,1
user16,52,1
user17,52,1
user18,52,1
user19,52,1
user20,52,1
user21,52,0
user22,52,1
user23,52,1
user24,52,1
user25,52,1
user26,52,1
user27,52,1
user28,52,0
user29,52,1
user30,52,1
user31,52,1
user32,52,1
user33,52,1
user34,52,0
user35,52,0
user36,52,1
user37,52,1
user38,52,1
user39,52,1
user40,52,1
user41,52,1
user42,52,1
user43,52,1
user44,52,0
user45,52,1
user46,52,1
user47,52,1
user48,52,0
user49,52,1
user50,52,1
user51,52,1
user52,52,1
user53,52,1
user54,52,1
user55,52,1
user56,52,0
user57,52,1
user58,52,1
user59,52,1
user60,52,1
user61,52,1
user62,52,1
user63,52,1
user64,52,1
user65,52,1
user66,52,1
user67,52,1
user68,52,1
user69,52,1
user70,52,1
user71,52,1
user72,52,1
user73,52,1
user74,52,0
user75,52,1
user76,52,1
user77,52,1
user78,52,1
user79,52,1
user80,52,1
user81,52,1
user82,52,1
user83,52,0
user84,52,1
user85,52,1
user86,52,1
user87,52,0
user88,52,1
user89,52,1
user90,52,1
user91,52,1
user92,52,1
user93,52,1
user94,52,1
user95,52,1
user96,52,0
user97,52,1
user98,52,0
user99,52,1
user100,52,1
user1,53,1
user2,53,1
user3,53,0
user4,53,1
user5,53,1
user6,53,1
user7,53,1
user8,53,1
user9,53,1
user10,53,1
user11,53,1
user12,53,1
user13,53,1
user14,53,0
user15,53,1
user16,53,1
user17,53,1
user18,53,0
user19,53,1
user20,53,1
user21,53,1
user22,53,1
user23,53,1
user24,53,0
user25,53,0
user26,53,0
user27,53,1
user28,53,1
user29,53,1
user30,53,1
user31,53,1
user32,53,1
user33,53,1
user34,53,1
user35,53,0
user36,53,1
user37,53,1
user38,53,0
user39,53,1
user40,53,1
user41,53,1
user42,53,1
user43,53,1
user44,53,1
user45,53,1
user46,53,1
user47,53,1
user48,53,1
user49,53,1
user50,53,1
user51,53,1
user52,53,1
user53,53,0
user54,53,0
user55,53,1
user56,53,1
user57,53,1
user58,53,1
user59,53,0
user60,53,1
user61,53,1
user62,53,1
user63,53,1
user64,53,1
user65,53,0
user66,53,1
user67,53,1
user68,53,1
user69,53,1
user70,53,0
user71,53,1
user72,53,1
user73,53,1
user74,53,1
user75,53,1
user76,53,0
user77,53,1
user78,53,0
user79,53,1
user80,53,1
user81,53,1
user82,53,1
user83,53,1
user84,53,1
user85,53,1
user86,53,1
user87,53,1
user88,53,1
user89,53,1
user90,53,1
user91,53,1
user92,53,1
user93,53,1
user94,53,1
user95,53,1
user96,53,1
user97,53,1
user98,53,1
user99,53,1
user100,53,1
user1,54,1
user2,54,1
user3,54,1
user4,54,1
user5,54,1
user6,54,1
user7,54,1
user8,54,1
user9,54,0
user10,54,1
user11,54,1
user12,54,1
user13,54,1
user14,54,1
user15,54,1
user16,54,1
user17,54,0
user18,54,1
user19,54,1
user20,54,1
user21,54,1
user22,54,1
user23,54,1
user24,54,1
user25,54,1
user26,54,1
user27,54,1
user28,54,0
user29,54,1
user30,54,1
user31,54,1
user32,54,1
user33,54,1
user34,54,1
user35,54,1
user36,54,0
user37,54,1
user38,54,0
user39,54,1
user40,54,1
user41,54,0
user42,54,1
user43,54,1
user44,54,0
user45,54,1
user46,54,1
user47,54,1
user48,54,1
user49,54,1
user50,54,1
user51,54,1
user52,54,1
user53,54,1
user54,54,0
user55,54,1
user56,54,1
user57,54,1
user58,54,1
user59,54,1
user60,54,1
user61,54,1
user62,54,1
user63,54,1
user64,54,1
user65,54,1
user66,54,1
user67,54,1
user68,54,1
user69,54,1
user70,54,1
user71,54,1
user72,54,1
user73,54,1
user74,54,0
user75,54,0
user76,54,1
user77,54,1
user78,54,1
user79,54,0
user80,54,1
user81,54,1
user82,54,1
user83,54,1
user84,54,1
user85,54,1
user86,54,1
user87,54,1
user88,54,1
user89,54,1
user90,54,0
user91,54,0
user92,54,1
user93,54,0
user94,54,1
user95,54,1
user96,54,1
user97,54,1
user98,54,1
user99,54,1
user100,54,0
user1,55,0
user2,55,1
user3,55,1
user4,55,0
user5,55,1
user6,55,0
user7,55,1
user8,55,1
user9,55,1
user10,55,1
user11,55,1
user12,55,1
user13,55,1
user14,55,1
user15,55,1
user16,55,0
user17,55,1
user18,55,1
user19,55,1
user20,55,0
user21,55,1
user22,55,1
user23,55,1
user24,55,1
user25,55,1
user26,55,1
user27,55,1
user28,55,1
user29,55,1
user30,55,1
user31,55,1
user32,55,1
user33,55,0
user34,55,1
user35,55,1
user36,55,1
user37,55,1
user38,55,1
user39,55,1
user40,55,1
user41,55,1
user42,55,0
user43,55,1
user44,55,1
user45,55,1
user46,55,1
user47,55,1
user48,55,0
user49,55,0
user50,55,1
user51,55,1
user52,55,0
user53,55,1
user54,55,1
user55,55,1
user56,55,1
user57,55,1
user58,55,1
user59,55,1
user60,55,1
user61,55,1
user62,55,1
user63,55,1
user64,55,1
user65,55,1
user66,55,1
user67,55,1
user68,55,1
user69,55,1
user70,55,0
user71,55,1
user72,55,1
user73,55,1
user74,55,1
user75,55,1
user76,55,1
user77,55,1
user78,55,1
user79,55,0
user80,55,1
user81,55,0
user82,55,1
user83,55,1
user84,55,1
user85,55,1
user86,55,1
user87,55,1
user88,55,1
user89,55,1
user90,55,0
user91,55,1
user92,55,0
user93,55,1
user94,55,1
user95,55,1
user96,55,1
user97,55,1
user98,55,1
user99,55,1
user100,55,1
user1,56,1
user2,56,1
user3,56,0
user4,56,1
user5,56,1
user6,56,1
user7,56,1
user8,56,1
user9,56,1
user10,56,0
user11,56,1
user12,56,1
user13,56,1
user14,56,1
user15,56,1
user16,56,1
user17,56,1
user18,56,1
user19,56,1
user20,56,1
user21,56,1
user22,56,1
user23,56,1
user24,56,1
user25,56,0
user26,56,1
user27,56,1
user28,56,1
user29,56,1
user30,56,1
user31,56,1
user32,56,1
user33,56,1
user34,56,1
user35,56,1
user36,56,1
user37,56,1
user38,56,1
user39,56,1
user40,56,0
user41,56,1
user42,56,1
user43,56,1
user44,56,0
user45,56,1
user46,56,0
user47,56,1
user48,56,0
user49,56,0
user50,56,1
user51,56,1
user52,56,1
user53,56,1
user54,56,0
user55,56,1
user56,56,1
user57,56,1
user58,56,1
user59,56,0
user60,56,1
user61,56,1
user62,56,0
user63,56,1
user64,56,0
user65,56,1
user66,56,1
user67,56,1
user68,56,1
user69,56,1
user70,56,0
user71,56,0
user72,56,1
user73,56,1
user74,56,1
user75,56,1
user76,56,1
user77,56,1
user78,56,1
user79,56,1
user80,56,1
user81,56,1
user82,56,1
user83,56,1
user84,56,1
user85,56,1
user86,56,1
user87,56,1
user88,56,1
user89,56,1
user90,56,0
user91,56,1
user92,56,1
user93,56,1
user94,56,1
user95,56,1
user96,56,1
user97,56,1
user98,56,1
user99,56,1
user100,56,1
user1,57,1
user2,57,0
user3,57,0
user4,57,1
user5,57,1
user6,57,0
user7,57,1
user8,57,0
user9,57,1
user10,57,1
user11,57,1
user12,57,0
user13,57,1
user14,57,0
user15,57,1
user16,57,1
user17,57,1
user18,57,1
user19,57,1
user20,57,1
user21,57,1
user22,57,0
user23,57,1
user24,57,0
user25,57,1
user26,57,1
user27,57,1
user28,57,1
user29,57,1
user30,57,1
user31,57,1
user32,57,1
user33,57,0
user34,57,1
user35,57,0
user36,57,1
user37,57,1
user38,57,0
user39,57,1
user40,57,1
user41,57,1
user42,57,1
user43,57,1
user44,57,0
user45,57,1
user46,57,1
user47,57,1
user48,57,1
user49,57,1
user50,57,1
user51,57,1
user52,57,1
user53,57,0
user54,57,1
user55,57,1
user56,57,1
user57,57,1
user58,57,1
user59,57,1
user60,57,1
user61,57,1
user62,57,1
user63,57,1
user64,57,1
user65,57,1
user66,57,1
user67,57,1
user68,57,1
user69,57,1
user70,57,1
user71,57,1
user72,57,1
user73,57,1
user74,57,1
user75,57,0
user76,57,1
user77,57,1
user78,57,1
user79,57,1
user80,57,1
user81,57,1
user82,57,1
user83,57,1
user84,57,1
user85,57,1
user86,57,1
user87,57,1
user88,57,0
user89,57,1
user90,57,1
user91,57,1
user92,57,1
user93,57,1
user94,57,1
user95,57,1
user96,57,1
user97,57,1
user98,57,1
user99,57,1
user100,57,1
user1,58,1
user2,58,1
user3,58,1
user4,58,1
user5,58,1
user6,58,1
user7,58,1
user8,58,1
user9,58,1
user10,58,1
user11,58,1
user12,58,1
user13,58,1
user14,58,1
user15,58,1
user16,58,1
user17,58,1
user18,58,0
user19,58,0
user20,58,1
user21,58,1
user22,58,1
user23,58,1
user24,58,1
user25,58,1
user26,58,0
user27,58,1
user28,58,1
user29,58,1
user30,58,0
user31,58,1
user32,58,1
user33,58,1
user34,58,1
user35,58,1
user36,58,1
user37,58,1
user38,58,0
user39,58,1
user40,58,1
user41,58,1
user42,58,1
user43,58,0
user44,58,1
user45,58,1
user46,58,0
user47,58,0
user48,58,1
user49,58,1
user50,58,1
user51,58,1
user52,58,1
user53,58,1
user54,58,1
user55,58,0
user56,58,1
user57,58,1
user58,58,1
user59,58,0
user60,58,1
user61,58,1
user62,58,1
user63,58,1
user64,58,1
user65,58,1
user66,58,1
user67,58,1
user68,58,1
user69,58,1
user70,58,1
user71,58,1
user72,58,1
user73,58,1
user74,58,0
user75,58,1
user76,58,0
user77,58,1
user78,58,1
user79,58,1
user80,58,1
user81,58,1
user82,58,1
user83,58,0
user84,58,1
user85,58,1
user86,58,0
user87,58,1
user88,58,1
user89,58,1
user90,58,1
user91,58,1
user92,58,1
user93,58,0
user94,58,1
user95,58,1
user96,58,1
user97,58,1
user98,58,1
user99,58,1
user100,58,1
user1,59,1
user2,59,0
user3,59,1
user4,59,1
user5,59,1
user6,59,1
user7,59,1
user8,59,1
user9,59,1
user10,59,1
user11,59,0
user12,59,1
user13,59,1
user14,59,0
user15,59,1
user16,59,1
user17,59,1
user18,59,1
user19,59,1
user20,59,1
user21,59,1
user22,59,0
user23,59,1
user24,59,1
user25,59,1
user26,59,1
user27,59,1
user28,59,1
user29,59,1
user30,59,1
user31,59,0
user32,59,1
user33,59,1
user34,59,1
user35,59,1
user36,59,1
user37,59,1
user38,59,1
user39,59,1
user40,59,0
user41,59,1
user42,59,1
user43,59,1
user44,59,1
user45,59,1
user46,59,1
user47,59,1
user48,59,1
user49,59,1
user50,59,1
user51,59,1
user52,59,1
user53,59,0
user54,59,1
user55,59,1
user56,59,1
user57,59,1
user58,59,1
user59,59,1
user60,59,1
user61,59,0
user62,59,1
user63,59,1
user64,59,1
user65,59,1
user66,59,1
user67,59,1
user68,59,1
user69,59,1
user70,59,1
user71,59,1
user72,59,1
user73,59,1
user74,59,1
user75,59,0
user76,59,1
user77,59,1
user78,59,1
user79,59,1
user80,59,0
user81,59,0
user82,59,1
user83,59,1
user84,59,0
user85,59,1
user86,59,1
user87,59,1
user88,59,1
user89,59,0
user90,59,1
user91,59,1
user92,59,1
user93,59,1
user94,59,1
user95,59,1
user96,59,1
user97,59,0
user98,59,1
user99,59,1
user100,59,0
user1,60,1
user2,60,0
user3,60,1
user4,60,1
user5,60,0
user6,60,1
user7,60,0
user8,60,1
user9,60,0
user10,60,1
user11,60,1
user12,60,1
user13,60,0
user14,60,1
user15,60,1
user16,60,0
user17,60,1
user18,60,1
user19,60,1
user20,60,1
user21,60,1
user22,60,1
user23,60,1
user24,60,1
user25,60,1
user26,60,1
user27,60,1
user28,60,1
user29,60,1
user30,60,1
user31,60,1
user32,60,1
user33,60,1
user34,60,1
user35,60,1
user36,60,1
user37,60,1
user38,60,0
user39,60,1
user40,60,1
user41,60,1
user42,60,0
user43,60,1
user44,60,1
user45,60,1
user46,60,1
user47,60,1
user48,60,1
user49,60,1
user50,60,1
user51,60,1
user52,60,1
user53,60,1
user54,60,1
user55,60,1
user56,60,1
user57,60,1
user58,60,0
user59,60,1
user60,60,1
user61,60,0
user62,60,1
user63,60,1
user64,60,1
user65,60,1
user66,60,1
user67,60,0
user68,60,1
user69,60,1
user70,60,1
user71,60,1
user72,60,1
user73,60,1
user74,60,0
user75,60,1
user76,60,1
user77,60,1
user78,60,1
user79,60,1
user80,60,1
user81,60,1
user82,60,1
user83,60,0
user84,60,0
user85,60,1
user86,60,1
user87,60,1
user88,60,1
user89,60,1
user90,60,1
user91,60,1
user92,60,1
user93,60,1
user94,60,0
user95,60,1
user96,60,1
user97,60,1
user98,60,1
user99,60,1
user100,60,1
user1,61,1
user2,61,1
user3,61,1
user4,61,1
user5,61,1
user6,61,1
user7,61,1
user8,61,0
user9,61,0
user10,61,1
user11,61,1
user12,61,1
user13,61,1
user14,61,1
user15,61,1
user16,61,0
user17,61,1
user18,61,1
user19,61,1
user20,61,1
user21,61,1
user22,61,1
user23,61,1
user24,61,1
user25,61,0
user26,61,1
user27,61,0
user28,61,1
user29,61,1
user30,61,1
user31,61,1
user32,61,1
user33,61,1
user34,61,1
user35,61,1
user36,61,1
user37,61,1
user38,61,1
user39,61,1
user40,61,0
user41,61,1
user42,61,0
user43,61,0
user44,61,1
user45,61,1
user46,61,1
user47,61,1
user48,61,1
user49,61,0
user50,61,1
user51,61,1
user52,61,1
user53,61,1
user54,61,1
user55,61,1
user56,61,1
user57,61,1
user58,61,1
user59,61,0
user60,61,1
user61,61,1
user62,61,1
user63,61,1
user64,61,0
user65,61,1
user66,61,1
user67,61,1
user68,61,1
user69,61,1
user70,61,1
user71,61,1
user72,61,0
user73,61,1
user74,61,1
user75,61,0
user76,61,1
user77,61,1
user78,61,1
user79,61,1
user80,61,0
user81,61,1
user82,61,1
user83,61,1
user84,61,1
user85,61,1
user86,61,1
user87,61,1
user88,61,1
user89,61,1
user90,61,1
user91,61,1
user92,61,1
user93,61,1
user94,61,1
user95,61,0
user96,61,1
user97,61,1
user98,61,1
user99,61,1
user100,61,1
user1,62,0
user2,62,1
user3,62,1
user4,62,1
user5,62,0
user6,62,1
user7,62,1
user8,62,1
user9,62,1
user10,62,1
user11,62,1
user12,62,1
user13,62,0
user14,62,1
user15,62,0
user16,62,1
user17,62,1
user18,62,1
user19,62,0
user20,62,1
user21,62,1
user22,62,1
user23,62,1
user24,62,1
user25,62,1
user26,62,1
user27,62,0
user28,62,1
user29,62,0
user30,62,1
user31,62,1
user32,62,1
user33,62,1
user34,62,1
user35,62,1
user36,62,1
user37,62,1
user38,62,1
user39,62,1
user40,62,1
user41,62,1
user42,62,1
user43,62,1
user44,62,1
user45,62,1
user46,62,1
user47,62,1
user48,62,1
user49,62,1
user50,62,1
user51,62,1
user52,62,1
user53,62,1
user54,62,1
user55,62,1
user56,62,1
user57,62,1
user58,62,0
user59,62,1
user60,62,1
user61,62,1
user62,62,1
user63,62,1
user64,62,1
user65,62,1
user66,62,1
user67,62,1
user68,62,1
user69,62,1
user70,62,1
user71,62,0
user72,62,1
user73,62,1
user74,62,0
user75,62,1
user76,62,1
user77,62,1
user78,62,1
user79,62,0
user80,62,1
user81,62,1
user82,62,1
user83,62,1
user84,62,1
user85,62,1
user86,62,1
user87,62,1
user88,62,1
user89,62,0
user90,62,1
user91,62,1
user92,62,1
user93,62,0
user94,62,1
user95,62,1
user96,62,1
user97,62,1
user98,62,1
user99,62,0
user100,62,0
user1,63,1
user2,63,1
user3,63,1
user4,63,0
user5,63,1
user6,63,1
user7,63,0
user8,63,1
user9,63,1
user10,63,1
user11,63,1
user12,63,1
user13,63,1
user14,63,1
user15,63,1
user16,63,1
user17,63,1
user18,63,1
user19,63,1
user20,63,1
user21,63,1
user22,63,1
user23,63,0
user24,63,1
user25,63,1
user26,63,1
user27,63,0
user28,63,1
user29,63,1
user30,63,1
user31,63,1
user32,63,1
user33,63,1
user34,63,1
user35,63,1
user36,63,1
user37,63,1
user38,63,0
user39,63,1
user40,63,1
user41,63,1
user42,63,1
user43,63,1
user44,63,1
user45,63,1
user46,63,1
user47,63,0
user48,63,1
user49,63,0
user50,63,1
user51,63,1
user52,63,1
user53,63,1
user54,63,1
user55,63,1
user56,63,1
user57,63,1
user58,63,1
user59,63,1
user60,63,1
user61,63,1
user62,63,1
user63,63,0
user64,63,1
user65,63,1
user66,63,1
user67,63,0
user68,63,1
user69,63,1
user70,63,1
user71,63,0
user72,63,1
user73,63,0
user74,63,1
user75,63,0
user76,63,1
user77,63,1
user78,63,1
user79,63,1
user80,63,1
user81,63,1
user82,63,1
user83,63,1
user84,63,1
user85,63,1
user86,63,1
user87,63,1
user88,63,1
user89,63,1
user90,63,1
user91,63,1
user92,63,1
user93,63,0
user94,63,1
user95,63,1
user96,63,1
user97,63,0
user98,63,0
user99,63,1
user100,63,1
user1,64,1
user2,64,1
user3,64,1
user4,64,1
user5,64,1
user6,64,1
user7,64,0
user8,64,0
user9,64,1
user10,64,1
user11,64,1
user12,64,1
user13,64,1
user14,64,0
user15,64,1
user16,64,1
user17,64,1
user18,64,1
user19,64,0
user20,64,1
user21,64,1
user22,64,0
user23,64,1
user24,64,1
user25,64,1
user26,64,1
user27,64,0
user28,64,1
user29,64,1
user30,64,1
user31,64,1
user32,64,1
user33,64,1
user34,64,1
user35,64,1
user36,64,1
user37,64,1
user38,64,1
user39,64,1
user40,64,1
user41,64,1
user42,64,1
user43,64,1
user44,64,1
user45,64,1
user46,64,1
user47,64,1
user48,64,1
user49,64,1
user50,64,1
user51,64,1
user52,64,1
user53,64,1
user54,64,1
user55,64,1
user56,64,1
user57,64,1
user58,64,1
user59,64,1
user60,64,1
user61,64,1
user62,64,0
user63,64,1
user64,64,0
user65,64,1
user66,64,1
user67,64,1
user68,64,0
user69,64,0
user70,64,1
user71,64,1
user72,64,1
user73,64,1
user74,64,1
user75,64,1
user76,64,1
user77,64,1
user78,64,0
user79,64,1
user80,64,0
user81,64,1
user82,64,0
user83,64,1
user84,64,1
user85,64,1
user86,64,1
user87,64,1
user88,64,1
user89,64,1
user90,64,1
user91,64,0
user92,64,1
user93,64,1
user94,64,1
user95,64,1
user96,64,1
user97,64,0
user98,64,1
user99,64,1
user100,64,1
user1,65,1
user2,65,1
user3,65,0
user4,65,1
user5,65,1
user6,65,1
user7,65,1
user8,65,0
user9,65,1
user10,65,1
user11,65,1
user12,65,0
user13,65,1
user14,65,1
user15,65,1
user16,65,1
user17,65,1
user18,65,1
user19,65,1
user20,65,1
user21,65,1
user22,65,1
user23,65,1
user24,65,1
user25,65,1
user26,65,1
user27,65,1
user28,65,1
user29,65,0
user30,65,1
user31,65,1
user32,65,1
user33,65,1
user34,65,0
user35,65,1
user36,65,1
user37,65,1
user38,65,1
user39,65,1
user40,65,1
user41,65,1
user42,65,1
user43,65,1
user44,65,1
user45,65,1
user46,65,1
user47,65,0
user48,65,1
user49,65,1
user50,65,1
user51,65,1
user52,65,1
user53,65,1
user54,65,1
user55,65,1
user56,65,1
user57,65,1
user58,65,0
user59,65,1
user60,65,1
user61,65,1
user62,65,0
user63,65,1
user64,65,1
user65,65,1
user66,65,1
user67,65,1
user68,65,0
user69,65,1
user70,65,1
user71,65,1
user72,65,1
user73,65,1
user74,65,1
user75,65,1
user76,65,0
user77,65,1
user78,65,1
user79,65,1
user80,65,1
user81,65,1
user82,65,1
user83,65,1
user84,65,1
user85,65,0
user86,65,0
user87,65,0
user88,65,1
user89,65,0
user90,65,1
user91,65,1
user92,65,1
user93,65,1
user94,65,1
user95,65,1
user96,65,1
user97,65,1
user98,65,0
user99,65,1
user100,65,1
user1,66,1
user2,66,1
user3,66,1
user4,66,1
user5,66,1
user6,66,1
user7,66,1
user8,66,1
user9,66,0
user10,66,1
user11,66,1
user12,66,1
user13,66,1
user14,66,1
user15,66,1
user16,66,1
user17,66,1
user18,66,1
user19,66,1
user20,66,1
user21,66,1
user22,66,1
user23,66,0
user24,66,1
user25,66,1
user26,66,1
user27,66,1
user28,66,1
user29,66,1
user30,66,1
user31,66,0
user32,66,1
user33,66,1
user34,66,1
user35,66,1
user36,66,1
user37,66,1
user38,66,1
user39,66,1
user40,66,1
user41,66,1
user42,66,1
user43,66,0
user44,66,1
user45,66,1
user46,66,0
user47,66,1
user48,66,1
user49,66,0
user50,66,1
user51,66,1
user52,66,1
user53,66,1
user54,66,1
user55,66,0
user56,66,0
user57,66,1
user58,66,1
user59,66,1
user60,66,1
user61,66,1
user62,66,0
user63,66,0
user64,66,1
user65,66,1
user66,66,1
user67,66,1
user68,66,1
user69,66,1
user70,66,0
user71,66,1
user72,66,1
user73,66,1
user74,66,1
user75,66,0
user76,66,1
user77,66,1
user78,66,1
user79,66,1
user80,66,1
user81,66,0
user82,66,1
user83,66,1
user84,66,1
user85,66,1
user86,66,1
user87,66,1
user88,66,1
user89,66,1
user90,66,1
user91,66,0
user92,66,1
user93,66,1
user94,66,1
user95,66,1
user96,66,1
user97,66,1
user98,66,1
user99,66,0
user100,66,1
user1,67,1
user2,67,1
user3,67,1
user4,67,0
user5,67,1
user6,67,1
user7,67,1
user8,67,1
user9,67,1
user10,67,1
user11,67,1
user12,67,1
user13,67,0
user14,67,0
user15,67,1
user16,67,1
user17,67,0
user18,67,0
user19,67,1
user20,67,1
user21,67,1
user22,67,1
user23,67,1
user24,67,1
user25,67,0
user26,67,1
user27,67,0
user28,67,1
user29,67,1
user30,67,1
user31,67,1
user32,67,1
user33,67,1
user34,67,1
user35,67,1
user36,67,1
user37,67,1
user38,67,1
user39,67,0
user40,67,1
user41,67,1
user42,67,1
user43,67,1
user44,67,1
user45,67,1
user46,67,1
user47,67,1
user48,67,1
user49,67,1
user50,67,1
user51,67,0
user52,67,1
user53,67,1
user54,67,1
user55,67,1
user56,67,1
user57,67,1
user58,67,0
user59,67,0
user60,67,1
user61,67,1
user62,67,1
user63,67,1
user64,67,1
user65,67,1
user66,67,1
user67,67,1
user68,67,1
user69,67,1
user70,67,1
user71,67,1
user72,67,1
user73,67,1
user74,67,1
user75,67,1
user76,67,0
user77,67,1
user78,67,1
user79,67,1
user80,67,1
user81,67,1
user82,67,1
user83,67,1
user84,67,1
user85,67,0
user86,67,1
user87,67,1
user88,67,1
user89,67,0
user90,67,1
user91,67,1
user92,67,1
user93,67,1
user94,67,1
user95,67,0
user96,67,1
user97,67,1
user98,67,1
user99,67,1
user100,67,1
user1,70,1
user2,70,1
user3,70,1
user4,70,0
user5,70,1
user6,70,1
user7,70,0
user8,70,1
user9,70,0
user10,70,1
user11,70,1
user12,70,1
user13,70,1
user14,70,1
user15,70,1
user16,70,1
user17,70,1
user18,70,1
user19,70,0
user20,70,1
user21,70,1
user22,70,1
user23,70,1
user24,70,1
user25,70,0
user26,70,1
user27,70,1
user28,70,1
user29,70,1
user30,70,1
user31,70,1
user32,70,1
user33,70,1
user34,70,1
user35,70,1
user36,70,1
user37,70,1
user38,70,1
user39,70,1
user40,70,1
user41,70,1
user42,70,1
user43,70,1
user44,70,1
user45,70,1
user46,70,0
user47,70,1
user48,70,1
user49,70,1
user50,70,1
user51,70,1
user52,70,1
user53,70,1
user54,70,1
user55,70,0
user56,70,0
user57,70,1
user58,70,1
user59,70,1
user60,70,1
user61,70,1
user62,70,1
user63,70,1
user64,70,1
user65,70,1
user66,70,1
user67,70,1
user68,70,1
user69,70,1
user70,70,0
user71,70,1
user72,70,1
user73,70,0
user74,70,1
user75,70,1
user76,70,1
user77,70,1
user78,70,1
user79,70,1
user80,70,0
user81,70,0
user82,70,1
user83,70,1
user84,70,1
user85,70,1
user86,70,1
user87,70,0
user88,70,1
user89,70,1
user90,70,1
user91,70,1
user92,70,1
user93,70,1
user94,70,1
user95,70,1
user96,70,0
user97,70,1
user98,70,0
user99,70,1
user100,70,1
user1,71,1
user2,71,1
user3,71,1
user4,71,1
user5,71,1
user6,71,1
user7,71,0
user8,71,1
user9,71,0
user10,71,1
user11,71,1
user12,71,1
user13,71,1
user14,71,1
user15,71,1
user16,71,1
user17,71,1
user18,71,1
user19,71,1
user20,71,1
user21,71,0
user22,71,1
user23,71,1
user24,71,1
user25,71,1
user26,71,1
user27,71,1
user28,71,1
user29,71,1
user30,71,1
user31,71,1
user32,71,0
user33,71,1
user34,71,1
user35,71,1
user36,71,0
user37,71,1
user38,71,1
user39,71,1
user40,71,1
user41,71,1
user42,71,1
user43,71,1
user44,71,0
user45,71,1
user46,71,1
user47,71,1
user48,71,1
user49,71,1
user50,71,1
user51,71,1
user52,71,1
user53,71,1
user54,71,1
user55,71,1
user56,71,1
user57,71,1
user58,71,1
user59,71,1
user60,71,1
user61,71,1
user62,71,1
user63,71,1
user64,71,1
user65,71,1
user66,71,1
user67,71,0
user68,71,1
user69,71,0
user70,71,0
user71,71,1
user72,71,1
user73,71,1
user74,71,1
user75,71,1
user76,71,0
user77,71,1
user78,71,1
user79,71,0
user80,71,0
user81,71,1
user82,71,1
user83,71,1
user84,71,1
user85,71,1
user86,71,1
user87,71,0
user88,71,1
user89,71,1
user90,71,1
user91,71,1
user92,71,0
user93,71,1
user94,71,1
user95,71,1
user96,71,1
user97,71,1
user98,71,0
user99,71,1
user100,71,1
user1,72,1
user2,72,1
user3,72,0
user4,72,0
user5,72,0
user6,72,0
user7,72,1
user8,72,0
user9,72,1
user10,72,0
user11,72,1
user12,72,0
user13,72,1
user14,72,0
user15,72,1
user16,72,1
user17,72,1
user18,72,0
user19,72,1
user20,72,1
user21,72,0
user22,72,1
user23,72,1
user24,72,1
user25,72,1
user26,72,1
user27,72,1
user28,72,0
user29,72,0
user30,72,1
user31,72,1
user32,72,1
user33,72,0
user34,72,1
user35,72,1
user36,72,0
user37,72,0
user38,72,1
user39,72,1
user40,72,0
user41,72,1
user42,72,1
user43,72,1
user44,72,0
user45,72,0
user46,72,1
user47,72,1
user48,72,0
user49,72,1
user50,72,0
user51,72,0
user52,72,1
user53,72,1
user54,72,1
user55,72,1
user56,72,1
user57,72,0
user58,72,1
user59,72,0
user60,72,1
user61,72,1
user62,72,0
user63,72,1
user64,72,1
user65,72,1
user66,72,0
user67,72,1
user68,72,1
user69,72,1
user70,72,1
user71,72,1
user72,72,0
user73,72,0
user74,72,0
user75,72,0
user76,72,1
user77,72,1
user78,72,0
user79,72,1
user80,72,1
user81,72,1
user82,72,1
user83,72,0
user84,72,0
user85,72,1
user86,72,0
user87,72,0
user88,72,1
user89,72,1
user90,72,1
user91,72,1
user92,72,1
user93,72,0
user94,72,0
user95,72,0
user96,72,0
user97,72,0
user98,72,1
user99,72,0
user100,72,1
user1,73,0
user2,73,0
user3,73,1
user4,73,0
user5,73,0
user6,73,0
user7,73,1
user8,73,0
user9,73,1
user10,73,1
user11,73,1
user12,73,0
user13,73,1
user14,73,1
user15,73,0
user16,73,1
user17,73,1
user18,73,1
user19,73,1
user20,73,1
user21,73,0
user22,73,1
user23,73,1
user24,73,1
user25,73,1
user26,73,0
user27,73,0
user28,73,1
user29,73,0
user30,73,0
user31,73,0
user32,73,0
user33,73,1
user34,73,1
user35,73,0
user36,73,0
user37,73,0
user38,73,0
user39,73,1
user40,73,1
user41,73,1
user42,73,1
user43,73,0
user44,73,1
user45,73,1
user46,73,1
user47,73,1
user48,73,1
user49,73,1
user50,73,1
user51,73,1
user52,73,1
user53,73,1
user54,73,0
user55,73,1
user56,73,0
user57,73,0
user58,73,0
user59,73,0
user60,73,0
user61,73,0
user62,73,1
user63,73,0
user64,73,0
user65,73,1
user66,73,1
user67,73,1
user68,73,0
user69,73,1
user70,73,1
user71,73,0
user72,73,1
user73,73,1
user74,73,1
user75,73,1
user76,73,1
user77,73,1
user78,73,1
user79,73,1
user80,73,0
user81,73,0
user82,73,1
user83,73,0
user84,73,1
user85,73,0
user86,73,1
user87,73,1
user88,73,1
user89,73,1
user90,73,1
user91,73,0
user92,73,0
user93,73,1
user94,73,1
user95,73,0
user96,73,1
user97,73,0
user98,73,1
user99,73,1
user100,73,0
user1,74,1
user2,74,0
user3,74,1
user4,74,1
user5,74,1
user6,74,1
user7,74,1
user8,74,1
user9,74,1
user10,74,1
user11,74,1
user12,74,0
user13,74,1
user14,74,0
user15,74,0
user16,74,1
user17,74,1
user18,74,0
user19,74,1
user20,74,0
user21,74,1
user22,74,1
user23,74,0
user24,74,0
user25,74,1
user26,74,1
user27,74,1
user28,74,1
user29,74,0
user30,74,1
user31,74,0
user32,74,1
user33,74,1
user34,74,0
user35,74,0
user36,74,0
user37,74,1
user38,74,1
user39,74,0
user40,74,1
user41,74,0
user42,74,1
user43,74,0
user44,74,1
user45,74,1
user46,74,1
user47,74,1
user48,74,0
user49,74,1
user50,74,1
user51,74,1
user52,74,0
user53,74,0
user54,74,0
user55,74,1
user56,74,0
user57,74,1
user58,74,1
user59,74,1
user60,74,1
user61,74,0
user62,74,1
user63,74,1
user64,74,0
user65,74,0
user66,74,1
user67,74,1
user68,74,1
user69,74,1
user70,74,1
user71,74,0
user72,74,1
user73,74,1
user74,74,1
user75,74,0
user76,74,0
user77,74,1
user78,74,1
user79,74,1
user80,74,0
user81,74,0
user82,74,0
user83,74,0
user84,74,0
user85,74,0
user86,74,0
user87,74,1
user88,74,1
user89,74,0
user90,74,1
user91,74,0
user92,74,0
user93,74,1
user94,74,1
user95,74,1
user96,74,1
user97,74,0
user98,74,0
user99,74,1
user100,74,0
user1,75,1
user2,75,1
user3,75,1
user4,75,0
user5,75,1
user6,75,0
user7,75,1
user8,75,1
user9,75,1
user10,75,0
user11,75,0
user12,75,1
user13,75,1
user14,75,1
user15,75,1
user16,75,1
user17,75,1
user18,75,1
user19,75,1
user20,75,1
user21,75,1
user22,75,1
user23,75,1
user24,75,1
user25,75,0
user26,75,1
user27,75,1
user28,75,1
user29,75,1
user30,75,0
user31,75,1
user32,75,1
user33,75,1
user34,75,1
user35,75,1
user36,75,1
user37,75,1
user38,75,1
user39,75,1
user40,75,1
user41,75,1
user42,75,1
user43,75,1
user44,75,1
user45,75,1
user46,75,1
user47,75,0
user48,75,0
user49,75,1
user50,75,1
user51,75,1
user52,75,1
user53,75,1
user54,75,0
user55,75,0
user56,75,1
user57,75,0
user58,75,1
user59,75,1
user60,75,1
user61,75,1
user62,75,1
user63,75,1
user64,75,1
user65,75,1
user66,75,0
user67,75,1
user68,75,1
user69,75,1
user70,75,1
user71,75,1
user72,75,1
user73,75,1
user74,75,1
user75,75,1
user76,75,1
user77,75,1
user78,75,0
user79,75,1
user80,75,1
user81,75,0
user82,75,1
user83,75,1
user84,75,1
user85,75,1
user86,75,0
user87,75,1
user88,75,1
user89,75,1
user90,75,1
user91,75,1
user92,75,1
user93,75,1
user94,75,1
user95,75,1
user96,75,1
user97,75,1
user98,75,1
user99,75,1
user100,75,1
user1,76,1
user2,76,0
user3,76,0
user4,76,0
user5,76,0
user6,76,0
user7,76,1
user8,76,0
user9,76,0
user10,76,0
user11,76,0
user12,76,1
user13,76,1
user14,76,1
user15,76,0
user16,76,0
user17,76,0
user18,76,0
user19,76,0
user20,76,1
user21,76,1
user22,76,1
user23,76,0
user24,76,0
user25,76,0
user26,76,0
user27,76,1
user28,76,1
user29,76,0
user30,76,0
user31,76,0
user32,76,0
user33,76,0
user34,76,1
user35,76,0
user36,76,0
user37,76,0
user38,76,0
user39,76,0
user40,76,0
user41,76,0
user42,76,0
user43,76,0
user44,76,0
user45,76,0
user46,76,0
user47,76,1
user48,76,0
user49,76,1
user50,76,0
user51,76,1
user52,76,1
user53,76,0
user54,76,1
user55,76,0
user56,76,1
user57,76,0
user58,76,0
user59,76,1
user60,76,1
user61,76,0
user62,76,0
user63,76,1
user64,76,0
user65,76,0
user66,76,0
user67,76,0
user68,76,1
user69,76,1
user70,76,0
user71,76,1
user72,76,0
user73,76,1
user74,76,1
user75,76,0
user76,76,1
user77,76,0
user78,76,0
user79,76,0
user80,76,0
user81,76,0
user82,76,0
user83,76,1
user84,76,1
user85,76,1
user86,76,0
user87,76,0
user88,76,1
user89,76,0
user90,76,0
user91,76,0
user92,76,0
user93,76,0
user94,76,1
user95,76,1
user96,76,1
user97,76,0
user98,76,1
user99,76,1
user100,76,0
user1,77,0
user2,77,1
user3,77,1
user4,77,0
user5,77,1
user6,77,1
user7,77,0
user8,77,0
user9,77,0
user10,77,1
user11,77,0
user12,77,1
user13,77,0
user14,77,0
user15,77,1
user16,77,1
user17,77,1
user18,77,0
user19,77,1
user20,77,0
user21,77,1
user22,77,1
user23,77,1
user24,77,1
user25,77,0
user26,77,1
user27,77,1
user28,77,1
user29,77,0
user30,77,0
user31,77,1
user32,77,1
user33,77,0
user34,77,1
user35,77,1
user36,77,1
user37,77,1
user38,77,1
user39,77,1
user40,77,1
user41,77,0
user42,77,0
user43,77,0
user44,77,1
user45,77,1
user46,77,1
user47,77,1
user48,77,0
user49,77,0
user50,77,1
user51,77,0
user52,77,1
user53,77,1
user54,77,0
user55,77,1
user56,77,0
user57,77,1
user58,77,0
user59,77,0
user60,77,1
user61,77,1
user62,77,0
user63,77,1
user64,77,0
user65,77,1
user66,77,0
user67,77,1
user68,77,1
user69,77,1
user70,77,0
user71,77,1
user72,77,1
user73,77,1
user74,77,1
user75,77,1
user76,77,0
user77,77,0
user78,77,0
user79,77,0
user80,77,0
user81,77,1
user82,77,1
user83,77,1
user84,77,1
user85,77,1
user86,77,0
user87,77,0
user88,77,0
user89,77,1
user90,77,1
user91,77,0
user92,77,1
user93,77,1
user94,77,1
user95,77,0
user96,77,1
user97,77,1
user98,77,0
user99,77,1
user100,77,0
user1,78,0
user2,78,1
user3,78,1
user4,78,0
user5,78,0
user6,78,1
user7,78,0
user8,78,1
user9,78,0
user10,78,1
user11,78,1
user12,78,0
user13,78,0
user14,78,1
user15,78,0
user16,78,1
user17,78,0
user18,78,1
user19,78,1
user20,78,0
user21,78,1
user22,78,0
user23,78,1
user24,78,0
user25,78,1
user26,78,1
user27,78,1
user28,78,1
user29,78,1
user30,78,0
user31,78,1
user32,78,1
user33,78,0
user34,78,1
user35,78,0
user36,78,1
user37,78,1
user38,78,0
user39,78,0
user40,78,1
user41,78,0
user42,78,1
user43,78,0
user44,78,1
user45,78,0
user46,78,1
user47,78,1
user48,78,0
user49,78,1
user50,78,1
user51,78,1
user52,78,1
user53,78,1
user54,78,1
user55,78,1
user56,78,1
user57,78,0
user58,78,1
user59,78,1
user60,78,1
user61,78,1
user62,78,0
user63,78,0
user64,78,1
user65,78,1
user66,78,0
user67,78,1
user68,78,0
user69,78,0
user70,78,0
user71,78,1
user72,78,0
user73,78,1
user74,78,1
user75,78,1
user76,78,0
user77,78,1
user78,78,0
user79,78,0
user80,78,0
user81,78,1
user82,78,0
user83,78,0
user84,78,0
user85,78,0
user86,78,1
user87,78,1
user88,78,0
user89,78,1
user90,78,1
user91,78,1
user92,78,1
user93,78,1
user94,78,0
user95,78,1
user96,78,0
user97,78,1
user98,78,1
user99,78,1
user100,78,1
user1,81,1
user2,81,1
user3,81,0
user4,81,1
user5,81,1
user6,81,1
user7,81,1
user8,81,1
user9,81,1
user10,81,1
user11,81,1
user12,81,1
user13,81,0
user14,81,0
user15,81,1
user16,81,1
user17,81,1
user18,81,1
user19,81,0
user20,81,1
user21,81,1
user22,81,1
user23,81,0
user24,81,1
user25,81,0
user26,81,1
user27,81,0
user28,81,0
user29,81,1
user30,81,0
user31,81,1
user32,81,0
user33,81,1
user34,81,1
user35,81,1
user36,81,0
user37,81,1
user38,81,1
user39,81,1
user40,81,0
user41,81,0
user42,81,0
user43,81,1
user44,81,1
user45,81,0
user46,81,1
user47,81,1
user48,81,1
user49,81,1
user50,81,1
user51,81,0
user52,81,1
user53,81,1
user54,81,0
user55,81,0
user56,81,1
user57,81,0
user58,81,1
user59,81,1
user60,81,0
user61,81,1
user62,81,0
user63,81,0
user64,81,1
user65,81,0
user66,81,1
user67,81,0
user68,81,1
user69,81,1
user70,81,1
user71,81,0
user72,81,0
user73,81,0
user74,81,0
user75,81,1
user76,81,0
user77,81,1
user78,81,0
user79,81,1
user80,81,1
user81,81,0
user82,81,1
user83,81,0
user84,81,1
user85,81,1
user86,81,0
user87,81,0
user88,81,1
user89,81,1
user90,81,1
user91,81,0
user92,81,0
user93,81,0
user94,81,1
user95,81,1
user96,81,0
user97,81,1
user98,81,1
user99,81,0
user100,81,0
user1,82,1
user2,82,0
user3,82,0
user4,82,0
user5,82,1
user6,82,1
user7,82,0
user8,82,1
user9,82,0
user10,82,1
user11,82,1
user12,82,0
user13,82,1
user14,82,1
user15,82,1
user16,82,1
user17,82,1
user18,82,0
user19,82,0
user20,82,1
user21,82,1
user22,82,1
user23,82,0
user24,82,1
user25,82,1
user26,82,1
user27,82,1
user28,82,0
user29,82,0
user30,82,0
user31,82,1
user32,82,0
user33,82,0
user34,82,1
user35,82,1
user36,82,0
user37,82,1
user38,82,1
user39,82,1
user40,82,1
user41,82,1
user42,82,1
user43,82,1
user44,82,0
user45,82,1
user46,82,1
user47,82,1
user48,82,1
user49,82,0
user50,82,0
user51,82,0
user52,82,0
user53,82,0
user54,82,0
user55,82,1
user56,82,0
user57,82,1
user58,82,0
user59,82,1
user60,82,1
user61,82,1
user62,82,0
user63,82,0
user64,82,1
user65,82,0
user66,82,0
user67,82,1
user68,82,0
user69,82,0
user70,82,1
user71,82,0
user72,82,1
user73,82,1
user74,82,1
user75,82,0
user76,82,1
user77,82,0
user78,82,1
user79,82,1
user80,82,1
user81,82,1
user82,82,0
user83,82,1
user84,82,1
user85,82,1
user86,82,0
user87,82,1
user88,82,0
user89,82,0
user90,82,1
user91,82,1
user92,82,0
user93,82,0
user94,82,0
user95,82,1
user96,82,1
user97,82,1
user98,82,1
user99,82,1
user100,82,1
user1,83,1
user2,83,0
user3,83,1
user4,83,0
user5,83,1
user6,83,1
user7,83,0
user8,83,1
user9,83,1
user10,83,1
user11,83,1
user12,83,1
user13,83,0
user14,83,1
user15,83,0
user16,83,0
user17,83,0
user18,83,0
user19,83,1
user20,83,1
user21,83,1
user22,83,1
user23,83,1
user24,83,1
user25,83,0
user26,83,0
user27,83,1
user28,83,1
user29,83,0
user30,83,1
user31,83,0
user32,83,1
user33,83,0
user34,83,0
user35,83,1
user36,83,0
user37,83,0
user38,83,0
user39,83,1
user40,83,1
user41,83,0
user42,83,1
user43,83,0
user44,83,1
user45,83,1
user46,83,1
user47,83,0
user48,83,0
user49,83,0
user50,83,1
user51,83,1
user52,83,1
user53,83,0
user54,83,1
user55,83,0
user56,83,1
user57,83,0
user58,83,0
user59,83,0
user60,83,1
user61,83,1
user62,83,1
user63,83,0
user64,83,1
user65,83,1
user66,83,0
user67,83,1
user68,83,0
user69,83,1
user70,83,1
user71,83,0
user72,83,1
user73,83,0
user74,83,1
user75,83,0
user76,83,1
user77,83,1
user78,83,0
user79,83,1
user80,83,1
user81,83,1
user82,83,1
user83,83,1
user84,83,1
user85,83,0
user86,83,1
user87,83,1
user88,83,1
user89,83,0
user90,83,0
user91,83,1
user92,83,1
user93,83,1
user94,83,1
user95,83,0
user96,83,1
user97,83,0
user98,83,0
user99,83,1
user100,83,1
user1,84,1
user2,84,0
user3,84,1
user4,84,1
user5,84,1
user6,84,0
user7,84,0
user8,84,1
user9,84,0
user10,84,0
user11,84,0
user12,84,0
user13,84,0
user14,84,1
user15,84,1
user16,84,1
user17,84,1
user18,84,1
user19,84,0
user20,84,1
user21,84,1
user22,84,1
user23,84,0
user24,84,0
user25,84,1
user26,84,0
user27,84,1
user28,84,0
user29,84,0
user30,84,1
user31,84,1
user32,84,1
user33,84,0
user34,84,0
user35,84,0
user36,84,1
user37,84,1
user38,84,0
user39,84,0
user40,84,0
user41,84,0
user42,84,1
user43,84,1
user44,84,1
user45,84,1
user46,84,1
user47,84,1
user48,84,0
user49,84,0
user50,84,1
user51,84,1
user52,84,0
user53,84,1
user54,84,0
user55,84,1
user56,84,0
user57,84,1
user58,84,1
user59,84,1
user60,84,1
user61,84,1
user62,84,0
user63,84,0
user64,84,1
user65,84,1
user66,84,0
user67,84,1
user68,84,0
user69,84,0
user70,84,1
user71,84,1
user72,84,1
user73,84,0
user74,84,1
user75,84,1
user76,84,0
user77,84,1
user78,84,1
user79,84,1
user80,84,0
user81,84,1
user82,84,1
user83,84,1
user84,84,1
user85,84,1
user86,84,1
user87,84,1
user88,84,0
user89,84,1
user90,84,0
user91,84,1
user92,84,0
user93,84,1
user94,84,1
user95,84,1
user96,84,0
user97,84,0
user98,84,1
user99,84,0
user100,84,1
user1,85,1
user2,85,1
user3,85,1
user4,85,1
user5,85,0
user6,85,1
user7,85,0
user8,85,1
user9,85,0
user10,85,1
user11,85,1
user12,85,1
user13,85,1
user14,85,1
user15,85,0
user16,85,0
user17,85,0
user18,85,0
user19,85,0
user20,85,1
user21,85,1
user22,85,1
user23,85,1
user24,85,0
user25,85,1
user26,85,1
user27,85,1
user28,85,1
user29,85,1
user30,85,1
user31,85,0
user32,85,0
user33,85,0
user34,85,0
user35,85,1
user36,85,1
user37,85,0
user38,85,1
user39,85,0
user40,85,1
user41,85,1
user42,85,0
user43,85,0
user44,85,0
user45,85,0
user46,85,1
user47,85,0
user48,85,0
user49,85,1
user50,85,1
user51,85,1
user52,85,0
user53,85,1
user54,85,0
user55,85,1
user56,85,1
user57,85,0
user58,85,1
user59,85,1
user60,85,1
user61,85,1
user62,85,1
user63,85,1
user64,85,0
user65,85,0
user66,85,0
user67,85,1
user68,85,1
user69,85,0
user70,85,0
user71,85,0
user72,85,1
user73,85,0
user74,85,0
user75,85,0
user76,85,1
user77,85,0
user78,85,1
user79,85,1
user80,85,1
user81,85,0
user82,85,1
user83,85,1
user84,85,1
user85,85,1
user86,85,1
user87,85,1
user88,85,1
user89,85,1
user90,85,0
user91,85,1
user92,85,0
user93,85,1
user94,85,1
user95,85,0
user96,85,1
user97,85,0
user98,85,1
user99,85,1
user100,85,0
user1,86,0
user2,86,0
user3,86,0
user4,86,0
user5,86,1
user6,86,1
user7,86,0
user8,86,1
user9,86,0
user10,86,1
user11,86,0
user12,86,1
user13,86,0
user14,86,1
user15,86,1
user16,86,0
user17,86,0
user18,86,1
user19,86,0
user20,86,0
user21,86,0
user22,86,0
user23,86,0
user24,86,0
user25,86,0
user26,86,1
user27,86,1
user28,86,0
user29,86,1
user30,86,0
user31,86,0
user32,86,0
user33,86,1
user34,86,0
user35,86,0
user36,86,0
user37,86,0
user38,86,1
user39,86,1
user40,86,1
user41,86,1
user42,86,0
user43,86,1
user44,86,1
user45,86,1
user46,86,0
user47,86,1
user48,86,1
user49,86,0
user50,86,0
user51,86,0
user52,86,0
user53,86,0
user54,86,0
user55,86,0
user56,86,0
user57,86,1
user58,86,0
user59,86,0
user60,86,0
user61,86,1
user62,86,0
user63,86,0
user64,86,0
user65,86,1
user66,86,0
user67,86,1
user68,86,1
user69,86,0
user70,86,0
user71,86,0
user72,86,0
user73,86,1
user74,86,0
user75,86,0
user76,86,0
user77,86,1
user78,86,1
user79,86,0
user80,86,1
user81,86,1
user82,86,1
user83,86,0
user84,86,0
user85,86,0
user86,86,0
user87,86,1
user88,86,0
user89,86,0
user90,86,0
user91,86,0
user92,86,1
user93,86,0
user94,86,1
user95,86,0
user96,86,0
user97,86,0
user98,86,0
user99,86,0
user100,86,0
user1,88,1
user2,88,1
user3,88,1
user4,88,0
user5,88,1
user6,88,1
user7,88,0
user8,88,1
user9,88,1
user10,88,1
user11,88,1
user12,88,1
user13,88,0
user14,88,1
user15,88,0
user16,88,1
user17,88,0
user18,88,1
user19,88,0
user20,88,0
user21,88,0
user22,88,1
user23,88,1
user24,88,1
user25,88,1
user26,88,1
user27,88,1
user28,88,1
user29,88,0
user30,88,0
user31,88,1
user32,88,1
user33,88,0
user34,88,1
user35,88,1
user36,88,1
user37,88,1
user38,88,0
user39,88,1
user40,88,0
user41,88,1
user42,88,0
user43,88,1
user44,88,1
user45,88,1
user46,88,1
user47,88,1
user48,88,1
user49,88,0
user50,88,0
user51,88,1
user52,88,0
user53,88,1
user54,88,1
user55,88,1
user56,88,0
user57,88,0
user58,88,0
user59,88,0
user60,88,1
user61,88,1
user62,88,0
user63,88,0
user64,88,1
user65,88,0
user66,88,1
user67,88,0
user68,88,0
user69,88,0
user70,88,0
user71,88,0
user72,88,1
user73,88,1
user74,88,1
user75,88,1
user76,88,0
user77,88,1
user78,88,0
user79,88,0
user80,88,1
user81,88,1
user82,88,0
user83,88,1
user84,88,1
user85,88,1
user86,88,1
user87,88,1
user88,88,1
user89,88,1
user90,88,0
user91,88,0
user92,88,1
user93,88,1
user94,88,0
user95,88,0
user96,88,1
user97,88,0
user98,88,0
user99,88,1
user100,88,0
user1,89,0
user2,89,1
user3,89,0
user4,89,1
user5,89,1
user6,89,1
user7,89,1
user8,89,1
user9,89,0
user10,89,0
user11,89,0
user12,89,0
user13,89,0
user14,89,0
user15,89,0
user16,89,0
user17,89,0
user18,89,1
user19,89,0
user20,89,1
user21,89,0
user22,89,0
user23,89,0
user24,89,0
user25,89,1
user26,89,1
user27,89,0
user28,89,0
user29,89,1
user30,89,0
user31,89,0
user32,89,0
user33,89,0
user34,89,1
user35,89,1
user36,89,0
user37,89,0
user38,89,1
user39,89,0
user40,89,1
user41,89,1
user42,89,1
user43,89,0
user44,89,1
user45,89,1
user46,89,0
user47,89,0
user48,89,0
user49,89,0
user50,89,0
user51,89,0
user52,89,0
user53,89,0
user54,89,0
user55,89,1
user56,89,0
user57,89,1
user58,89,1
user59,89,0
user60,89,0
user61,89,1
user62,89,0
user63,89,0
user64,89,1
user65,89,1
user66,89,0
user67,89,0
user68,89,0
user69,89,0
user70,89,0
user71,89,1
user72,89,0
user73,89,1
user74,89,0
user75,89,0
user76,89,0
user77,89,1
user78,89,1
user79,89,1
user80,89,0
user81,89,1
user82,89,0
user83,89,0
user84,89,1
user85,89,0
user86,89,1
user87,89,1
user88,89,0
user89,89,0
user90,89,0
user91,89,0
user92,89,0
user93,89,0
user94,89,0
user95,89,0
user96,89,1
user97,89,0
user98,89,0
user99,89,0
user100,89,0
user1,90,0
user2,90,0
user3,90,1
user4,90,0
user5,90,0
user6,90,0
user7,90,0
user8,90,1
user9,90,0
user10,90,1
user11,90,1
user12,90,0
user13,90,0
user14,90,0
user15,90,0
user16,90,0
user17,90,0
user18,90,0
user19,90,0
user20,90,0
user21,90,0
user22,90,0
user23,90,1
user24,90,1
user25,90,0
user26,90,0
user27,90,0
user28,90,0
user29,90,0
user30,90,0
user31,90,0
user32,90,0
user33,90,1
user34,90,1
user35,90,0
user36,90,0
user37,90,1
user38,90,1
user39,90,1
user40,90,1
user41,90,0
user42,90,1
user43,90,0
user44,90,0
user45,90,1
user46,90,1
user47,90,0
user48,90,1
user49,90,1
user50,90,0
user51,90,0
user52,90,0
user53,90,0
user54,90,0
user55,90,1
user56,90,0
user57,90,0
user58,90,0
user59,90,0
user60,90,0
user61,90,1
user62,90,1
user63,90,0
user64,90,0
user65,90,1
user66,90,0
user67,90,1
user68,90,0
user69,90,1
user70,90,1
user71,90,1
user72,90,0
user73,90,0
user74,90,1
user75,90,0
user76,90,0
user77,90,0
user78,90,0
user79,90,0
user80,90,0
user81,90,0
user82,90,0
user83,90,1
user84,90,1
user85,90,0
user86,90,1
user87,90,1
user88,90,1
user89,90,0
user90,90,0
user91,90,1
user92,90,0
user93,90,1
user94,90,1
user95,90,0
user96,90,0
user97,90,0
user98,90,1
user99,90,0
user100,90,0
user1,91,0
user2,91,1
user3,91,1
user4,91,1
user5,91,0
user6,91,0
user7,91,1
user8,91,0
user9,91,0
user10,91,1
user11,91,1
user12,91,1
user13,91,1
user14,91,0
user15,91,1
user16,91,1
user17,91,1
user18,91,0
user19,91,0
user20,91,1
user21,91,1
user22,91,0
user23,91,0
user24,91,0
user25,91,1
user26,91,1
user27,91,0
user28,91,1
user29,91,1
user30,91,0
user31,91,0
user32,91,0
user33,91,1
user34,91,0
user35,91,0
user36,91,1
user37,91,0
user38,91,1
user39,91,1
user40,91,1
user41,91,1
user42,91,1
user43,91,1
user44,91,0
user45,91,1
user46,91,1
user47,91,1
user48,91,0
user49,91,1
user50,91,1
user51,91,0
user52,91,1
user53,91,1
user54,91,1
user55,91,1
user56,91,0
user57,91,1
user58,91,0
user59,91,0
user60,91,0
user61,91,1
user62,91,1
user63,91,0
user64,91,0
user65,91,1
user66,91,1
user67,91,0
user68,91,0
user69,91,1
user70,91,0
user71,91,1
user72,91,1
user73,91,1
user74,91,1
user75,91,1
user76,91,0
user77,91,0
user78,91,0
user79,91,0
user80,91,1
user81,91,1
user82,91,1
user83,91,1
user84,91,0
user85,91,1
user86,91,1
user87,91,0
user88,91,1
user89,91,1
user90,91,1
user91,91,1
user92,91,0
user93,91,1
user94,91,1
user95,91,1
user96,91,1
user97,91,1
user98,91,0
user99,91,0
user100,91,0
user1,92,1
user2,92,1
user3,92,1
user4,92,1
user5,92,1
user6,92,1
user7,92,0
user8,92,0
user9,92,1
user10,92,1
user11,92,1
user12,92,1
user13,92,1
user14,92,1
user15,92,1
user16,92,1
user17,92,1
user18,92,0
user19,92,1
user20,92,1
user21,92,1
user22,92,1
user23,92,1
user24,92,0
user25,92,1
user26,92,1
user27,92,0
user28,92,1
user29,92,0
user30,92,0
user31,92,1
user32,92,1
user33,92,0
user34,92,0
user35,92,0
user36,92,0
user37,92,0
user38,92,1
user39,92,1
user40,92,0
user41,92,1
user42,92,1
user43,92,1
user44,92,0
user45,92,0
user46,92,1
user47,92,0
user48,92,0
user49,92,0
user50,92,0
user51,92,0
user52,92,0
user53,92,1
user54,92,0
user55,92,1
user56,92,1
user57,92,0
user58,92,0
user59,92,1
user60,92,0
user61,92,0
user62,92,1
user63,92,1
user64,92,0
user65,92,1
user66,92,0
user67,92,0
user68,92,0
user69,92,1
user70,92,0
user71,92,1
user72,92,0
user73,92,0
user74,92,1
user75,92,1
user76,92,1
user77,92,0
user78,92,0
user79,92,1
user80,92,1
user81,92,1
user82,92,1
user83,92,0
user84,92,1
user85,92,0
user86,92,1
user87,92,1
user88,92,1
user89,92,1
user90,92,1
user91,92,1
user92,92,1
user93,92,0
user94,92,1
user95,92,1
user96,92,1
user97,92,1
user98,92,0
user99,92,0
user100,92,1
user1,93,0
user2,93,0
user3,93,1
user4,93,0
user5,93,0
user6,93,0
user7,93,1
user8,93,0
user9,93,1
user10,93,0
user11,93,1
user12,93,1
user13,93,0
user14,93,1
user15,93,1
user16,93,1
user17,93,1
user18,93,0
user19,93,0
user20,93,0
user21,93,1
user22,93,1
user23,93,1
user24,93,1
user25,93,0
user26,93,1
user27,93,1
user28,93,0
user29,93,1
user30,93,0
user31,93,1
user32,93,0
user33,93,1
user34,93,1
user35,93,0
user36,93,1
user37,93,0
user38,93,0
user39,93,1
user40,93,1
user41,93,0
user42,93,1
user43,93,1
user44,93,0
user45,93,1
user46,93,1
user47,93,1
user48,93,1
user49,93,1
user50,93,0
user51,93,1
user52,93,1
user53,93,1
user54,93,0
user55,93,1
user56,93,0
user57,93,0
user58,93,1
user59,93,1
user60,93,0
user61,93,1
user62,93,1
user63,93,0
user64,93,0
user65,93,1
user66,93,0
user67,93,0
user68,93,0
user69,93,0
user70,93,0
user71,93,0
user72,93,1
user73,93,1
user74,93,1
user75,93,0
user76,93,1
user77,93,1
user78,93,0
user79,93,1
user80,93,0
user81,93,1
user82,93,1
user83,93,1
user84,93,1
user85,93,0
user86,93,1
user87,93,1
user88,93,1
user89,93,1
user90,93,1
user91,93,1
user92,93,1
user93,93,1
user94,93,1
user95,93,1
user96,93,1
user97,93,0
user98,93,1
user99,93,0
user100,93,0
user1,94,1
user2,94,0
user3,94,1
user4,94,1
user5,94,1
user6,94,1
user7,94,1
user8,94,0
user9,94,0
user10,94,1
user11,94,1
user12,94,0
user13,94,0
user14,94,1
user15,94,1
user16,94,0
user17,94,0
user18,94,1
user19,94,0
user20,94,0
user21,94,1
user22,94,0
user23,94,0
user24,94,0
user25,94,1
user26,94,1
user27,94,1
user28,94,0
user29,94,0
user30,94,1
user31,94,1
user32,94,1
user33,94,1
user34,94,1
user35,94,0
user36,94,1
user37,94,1
user38,94,1
user39,94,1
user40,94,0
user41,94,0
user42,94,1
user43,94,1
user44,94,1
user45,94,1
user46,94,1
user47,94,1
user48,94,1
user49,94,0
user50,94,1
user51,94,1
user52,94,0
user53,94,1
user54,94,1
user55,94,0
user56,94,1
user57,94,1
user58,94,1
user59,94,0
user60,94,0
user61,94,1
user62,94,0
user63,94,1
user64,94,0
user65,94,1
user66,94,1
user67,94,0
user68,94,1
user69,94,1
user70,94,1
user71,94,1
user72,94,1
user73,94,0
user74,94,0
user75,94,0
user76,94,1
user77,94,0
user78,94,1
user79,94,0
user80,94,1
user81,94,0
user82,94,0
user83,94,0
user84,94,1
user85,94,0
user86,94,0
user87,94,1
user88,94,0
user89,94,1
user90,94,0
user91,94,1
user92,94,0
user93,94,1
user94,94,1
user95,94,1
user96,94,1
user97,94,1
user98,94,0
user99,94,1
user100,94,0
user1,95,1
user2,95,1
user3,95,0
user4,95,0
user5,95,0
user6,95,0
user7,95,1
user8,95,1
user9,95,1
user10,95,0
user11,95,1
user12,95,0
user13,95,1
user14,95,0
user15,95,1
user16,95,0
user17,95,0
user18,95,0
user19,95,1
user20,95,0
user21,95,1
user22,95,1
user23,95,0
user24,95,1
user25,95,1
user26,95,0
user27,95,1
user28,95,1
user29,95,1
user30,95,1
user31,95,1
user32,95,1
user33,95,1
user34,95,1
user35,95,0
user36,95,0
user37,95,1
user38,95,0
user39,95,1
user40,95,1
user41,95,1
user42,95,0
user43,95,0
user44,95,1
user45,95,0
user46,95,1
user47,95,0
user48,95,1
user49,95,1
user50,95,1
user51,95,0
user52,95,0
user53,95,1
user54,95,0
user55,95,1
user56,95,0
user57,95,1
user58,95,1
user59,95,0
user60,95,1
user61,95,0
user62,95,1
user63,95,0
user64,95,0
user65,95,1
user66,95,1
user67,95,0
user68,95,1
user69,95,1
user70,95,1
user71,95,1
user72,95,0
user73,95,1
user74,95,1
user75,95,1
user76,95,1
user77,95,1
user78,95,0
user79,95,0
user80,95,0
user81,95,1
user82,95,0
user83,95,1
user84,95,0
user85,95,0
user86,95,1
user87,95,0
user88,95,0
user89,95,1
user90,95,0
user91,95,0
user92,95,1
user93,95,1
user94,95,1
user95,95,1
user96,95,1
user97,95,1
user98,95,1
user99,95,1
user100,95,1
user1,96,0
user2,96,0
user3,96,1
user4,96,1
user5,96,1
user6,96,1
user7,96,1
user8,96,0
user9,96,0
user10,96,0
user11,96,1
user12,96,1
user13,96,1
user14,96,0
user15,96,0
user16,96,1
user17,96,0
user18,96,1
user19,96,1
user20,96,1
user21,96,1
user22,96,0
user23,96,0
user24,96,0
user25,96,1
user26,96,1
user27,96,1
user28,96,1
user29,96,1
user30,96,1
user31,96,0
user32,96,1
user33,96,1
user34,96,0
user35,96,1
user36,96,1
user37,96,1
user38,96,1
user39,96,1
user40,96,0
user41,96,1
user42,96,0
user43,96,1
user44,96,1
user45,96,1
user46,96,0
user47,96,0
user48,96,0
user49,96,0
user50,96,0
user51,96,0
user52,96,0
user53,96,1
user54,96,0
user55,96,1
user56,96,1
user57,96,1
user58,96,1
user59,96,0
user60,96,1
user61,96,0
user62,96,1
user63,96,0
user64,96,1
user65,96,1
user66,96,1
user67,96,1
user68,96,0
user69,96,1
user70,96,1
user71,96,1
user72,96,1
user73,96,0
user74,96,1
user75,96,1
user76,96,1
user77,96,1
user78,96,1
user79,96,0
user80,96,1
user81,96,0
user82,96,0
user83,96,0
user84,96,1
user85,96,0
user86,96,1
user87,96,0
user88,96,0
user89,96,0
user90,96,1
user91,96,1
user92,96,0
user93,96,0
user94,96,1
user95,96,1
user96,96,1
user97,96,0
user98,96,0
user99,96,1
user100,96,1
user1,97,0
user2,97,1
user3,97,1
user4,97,1
user5,97,0
user6,97,0
user7,97,0
user8,97,0
user9,97,0
user10,97,0
user11,97,1
user12,97,1
user13,97,1
user14,97,1
user15,97,0
user16,97,1
user17,97,1
user18,97,1
user19,97,1
user20,97,1
user21,97,1
user22,97,0
user23,97,0
user24,97,1
user25,97,0
user26,97,0
user27,97,0
user28,97,1
user29,97,0
user30,97,1
user31,97,0
user32,97,0
user33,97,1
user34,97,1
user35,97,1
user36,97,1
user37,97,1
user38,97,0
user39,97,1
user40,97,1
user41,97,1
user42,97,1
user43,97,0
user44,97,1
user45,97,0
user46,97,0
user47,97,1
user48,97,0
user49,97,1
user50,97,0
user51,97,1
user52,97,1
user53,97,1
user54,97,1
user55,97,1
user56,97,1
user57,97,0
user58,97,1
user59,97,0
user60,97,1
user61,97,1
user62,97,1
user63,97,1
user64,97,1
user65,97,1
user66,97,1
user67,97,0
user68,97,0
user69,97,0
user70,97,1
user71,97,1
user72,97,0
user73,97,0
user74,97,0
user75,97,1
user76,97,1
user77,97,1
user78,97,1
user79,97,0
user80,97,0
user81,97,0
user82,97,0
user83,97,1
user84,97,1
user85,97,0
user86,97,0
user87,97,1
user88,97,0
user89,97,0
user90,97,1
user91,97,1
user92,97,1
user93,97,1
user94,97,0
user95,97,0
user96,97,1
user97,97,1
user98,97,1
user99,97,1
user100,97,1
user1,98,0
user2,98,1
user3,98,1
user4,98,1
user5,98,0
user6,98,1
user7,98,1
user8,98,1
user9,98,0
user10,98,0
user11,98,0
user12,98,1
user13,98,1
user14,98,0
user15,98,0
user16,98,1
user17,98,1
user18,98,1
user19,98,0
user20,98,1
user21,98,1
user22,98,0
user23,98,0
user24,98,1
user25,98,1
user26,98,1
user27,98,0
user28,98,0
user29,98,1
user30,98,1
user31,98,0
user32,98,1
user33,98,1
user34,98,1
user35,98,1
user36,98,1
user37,98,0
user38,98,1
user39,98,1
user40,98,0
user41,98,1
user42,98,1
user43,98,1
user44,98,0
user45,98,0
user46,98,0
user47,98,1
user48,98,1
user49,98,1
user50,98,1
user51,98,1
user52,98,1
user53,98,1
user54,98,1
user55,98,1
user56,98,1
user57,98,0
user58,98,0
user59,98,0
user60,98,0
user61,98,1
user62,98,1
user63,98,0
user64,98,0
user65,98,0
user66,98,1
user67,98,0
user68,98,1
user69,98,0
user70,98,0
user71,98,1
user72,98,1
user73,98,0
user74,98,0
user75,98,1
user76,98,1
user77,98,1
user78,98,0
user79,98,1
user80,98,0
user81,98,1
user82,98,0
user83,98,1
user84,98,0
user85,98,0
user86,98,0
user87,98,1
user88,98,1
user89,98,0
user90,98,1
user91,98,1
user92,98,0
user93,98,1
user94,98,0
user95,98,1
user96,98,1
user97,98,0
user98,98,1
user99,98,1
user100,98,1
user1,99,0
user2,99,1
user3,99,0
user4,99,1
user5,99,0
user6,99,1
user7,99,1
user8,99,1
user9,99,0
user10,99,0
user11,99,0
user12,99,1
user13,99,1
user14,99,0
user15,99,1
user16,99,0
user17,99,1
user18,99,0
user19,99,1
user20,99,1
user21,99,1
user22,99,1
user23,99,1
user24,99,0
user25,99,1
user26,99,0
user27,99,0
user28,99,0
user29,99,1
user30,99,1
user31,99,1
user32,99,1
user33,99,1
user34,99,0
user35,99,0
user36,99,1
user37,99,0
user38,99,1
user39,99,0
user40,99,1
user41,99,0
user42,99,1
user43,99,1
user44,99,0
user45,99,1
user46,99,1
user47,99,1
user48,99,1
user49,99,1
user50,99,1
user51,99,1
user52,99,0
user53,99,0
user54,99,0
user55,99,1
user56,99,1
user57,99,0
user58,99,0
user59,99,1
user60,99,0
user61,99,1
user62,99,0
user63,99,1
user64,99,1
user65,99,0
user66,99,1
user67,99,0
user68,99,1
user69,99,1
user70,99,1
user71,99,1
user72,99,0
user73,99,1
user74,99,1
user75,99,1
user76,99,1
user77,99,0
user78,99,0
user79,99,0
user80,99,1
user81,99,0
user82,99,1
user83,99,0
user84,99,1
user85,99,1
user86,99,1
user87,99,1
user88,99,1
user89,99,1
user90,99,0
user91,99,0
user92,99,1
user93,99,0
user94,99,0
user95,99,0
user96,99,1
user97,99,1
user98,99,1
user99,99,1
user100,99,0
user1,100,1
user2,100,1
user3,100,1
user4,100,1
user5,100,1
user6,100,1
user7,100,1
user8,100,1
user9,100,1
user10,100,1
user11,100,1
user12,100,1
user13,100,1
user14,100,1
user15,100,1
user16,100,1
user17,100,1
user18,100,1
user19,100,1
user20,100,1
user21,100,1
user22,100,1
user23,100,1
user24,100,1
user25,100,1
user26,100,1
user27,100,1
user28,100,1
user29,100,1
user30,100,1
user31,100,1
user32,100,1
user33,100,1
user34,100,1
user35,100,1
user36,100,1
user37,100,0
user38,100,1
user39,100,1
user40,100,0
user41,100,0
user42,100,1
user43,100,1
user44,100,0
user45,100,1
user46,100,1
user47,100,1
user48,100,1
user49,100,0
user50,100,1
user51,100,1
user52,100,1
user53,100,1
user54,100,1
user55,100,0
user56,100,1
user57,100,1
user58,100,1
user59,100,1
user60,100,0
user61,100,1
user62,100,1
user63,100,1
user64,100,1
user65,100,1
user66,100,1
user67,100,0
user68,100,0
user69,100,1
user70,100,1
user71,100,1
user72,100,1
user73,100,1
user74,100,1
user75,100,1
user76,100,1
user77,100,1
user78,100,1
user79,100,1
user80,100,1
user81,100,0
user82,100,1
user83,100,0
user84,100,1
user85,100,1
user86,100,0
user87,100,1
user88,100,1
user89,100,0
user90,100,1
user91,100,1
user92,100,1
user93,100,1
user94,100,1
user95,100,1
user96,100,1
user97,100,0
user98,100,1
user99,100,0
user100,100,1
user1,101,0
user2,101,1
user3,101,1
user4,101,0
user5,101,0
user6,101,0
user7,101,1
user8,101,1
user9,101,0
user10,101,1
user11,101,0
user12,101,0
user13,101,0
user14,101,0
user15,101,1
user16,101,1
user17,101,1
user18,101,1
user19,101,1
user20,101,1
user21,101,1
user22,101,1
user23,101,1
user24,101,1
user25,101,1
user26,101,0
user27,101,1
user28,101,1
user29,101,0
user30,101,1
user31,101,0
user32,101,0
user33,101,0
user34,101,1
user35,101,1
user36,101,1
user37,101,1
user38,101,0
user39,101,0
user40,101,0
user41,101,0
user42,101,1
user43,101,1
user44,101,1
user45,101,1
user46,101,0
user47,101,0
user48,101,0
user49,101,1
user50,101,0
user51,101,0
user52,101,1
user53,101,0
user54,101,1
user55,101,1
user56,101,1
user57,101,0
user58,101,0
user59,101,0
user60,101,1
user61,101,1
user62,101,0
user63,101,1
user64,101,1
user65,101,0
user66,101,0
user67,101,1
user68,101,1
user69,101,0
user70,101,0
user71,101,0
user72,101,1
user73,101,1
user74,101,1
user75,101,1
user76,101,1
user77,101,1
user78,101,1
user79,101,1
user80,101,1
user81,101,1
user82,101,0
user83,101,0
user84,101,1
user85,101,1
user86,101,1
user87,101,1
user88,101,1
user89,101,1
user90,101,1
user91,101,0
user92,101,0
user93,101,0
user94,101,1
user95,101,1
user96,101,1
user97,101,1
user98,101,1
user99,101,0
user100,101,0
user1,102,0
user2,102,0
user3,102,0
user4,102,1
user5,102,1
user6,102,1
user7,102,0
user8,102,0
user9,102,1
user10,102,0
user11,102,0
user12,102,0
user13,102,1
user14,102,1
user15,102,1
user16,102,1
user17,102,1
user18,102,1
user19,102,1
user20,102,0
user21,102,0
user22,102,0
user23,102,0
user24,102,1
user25,102,0
user26,102,1
user27,102,1
user28,102,1
user29,102,0
user30,102,0
user31,102,1
user32,102,0
user33,102,1
user34,102,0
user35,102,0
user36,102,1
user37,102,1
user38,102,1
user39,102,1
user40,102,0
user41,102,1
user42,102,0
user43,102,1
user44,102,1
user45,102,1
user46,102,0
user47,102,1
user48,102,1
user49,102,1
user50,102,0
user51,102,0
user52,102,1
user53,102,1
user54,102,1
user55,102,1
user56,102,1
user57,102,1
user58,102,0
user59,102,1
user60,102,0
user61,102,1
user62,102,1
user63,102,1
user64,102,1
user65,102,0
user66,102,0
user67,102,0
user68,102,1
user69,102,1
user70,102,1
user71,102,0
user72,102,0
user73,102,0
user74,102,0
user75,102,1
user76,102,1
user77,102,1
user78,102,0
user79,102,1
user80,102,1
user81,102,1
user82,102,0
user83,102,0
user84,102,1
user85,102,0
user86,102,0
user87,102,1
user88,102,0
user89,102,1
user90,102,1
user91,102,1
user92,102,1
user93,102,0
user94,102,1
user95,102,1
user96,102,1
user97,102,1
user98,102,0
user99,102,1
user100,102,1
user1,103,0
user2,103,1
user3,103,1
user4,103,0
user5,103,1
user6,103,0
user7,103,1
user8,103,0
user9,103,1
user10,103,1
user11,103,1
user12,103,1
user13,103,0
user14,103,1
user15,103,0
user16,103,0
user17,103,0
user18,103,1
user19,103,1
user20,103,1
user21,103,0
user22,103,0
user23,103,0
user24,103,0
user25,103,1
user26,103,1
user27,103,0
user28,103,1
user29,103,0
user30,103,1
user31,103,1
user32,103,1
user33,103,1
user34,103,0
user35,103,1
user36,103,1
user37,103,1
user38,103,0
user39,103,1
user40,103,1
user41,103,1
user42,103,0
user43,103,1
user44,103,1
user45,103,0
user46,103,0
user47,103,0
user48,103,1
user49,103,0
user50,103,0
user51,103,1
user52,103,1
user53,103,1
user54,103,0
user55,103,1
user56,103,0
user57,103,0
user58,103,1
user59,103,0
user60,103,1
user61,103,0
user62,103,1
user63,103,0
user64,103,1
user65,103,1
user66,103,0
user67,103,1
user68,103,0
user69,103,0
user70,103,1
user71,103,1
user72,103,1
user73,103,1
user74,103,1
user75,103,1
user76,103,0
user77,103,0
user78,103,0
user79,103,1
user80,103,1
user81,103,1
user82,103,1
user83,103,1
user84,103,1
user85,103,1
user86,103,1
user87,103,1
user88,103,1
user89,103,1
user90,103,1
user91,103,0
user92,103,0
user93,103,0
user94,103,0
user95,103,1
user96,103,1
user97,103,0
user98,103,1
user99,103,1
user100,103,0
user1,104,0
user2,104,1
user3,104,1
user4,104,0
user5,104,1
user6,104,1
user7,104,1
user8,104,1
user9,104,0
user10,104,1
user11,104,0
user12,104,1
user13,104,0
user14,104,0
user15,104,0
user16,104,1
user17,104,1
user18,104,1
user19,104,1
user20,104,1
user21,104,1
user22,104,1
user23,104,1
user24,104,1
user25,104,1
user26,104,0
user27,104,0
user28,104,0
user29,104,1
user30,104,0
user31,104,1
user32,104,1
user33,104,0
user34,104,1
user35,104,0
user36,104,0
user37,104,1
user38,104,1
user39,104,0
user40,104,1
user41,104,0
user42,104,1
user43,104,1
user44,104,1
user45,104,1
user46,104,1
user47,104,0
user48,104,0
user49,104,1
user50,104,0
user51,104,0
user52,104,1
user53,104,1
user54,104,1
user55,104,1
user56,104,1
user57,104,1
user58,104,1
user59,104,1
user60,104,1
user61,104,0
user62,104,1
user63,104,1
user64,104,0
user65,104,0
user66,104,1
user67,104,0
user68,104,0
user69,104,0
user70,104,1
user71,104,0
user72,104,1
user73,104,0
user74,104,1
user75,104,1
user76,104,1
user77,104,1
user78,104,0
user79,104,1
user80,104,0
user81,104,1
user82,104,1
user83,104,1
user84,104,0
user85,104,1
user86,104,1
user87,104,0
user88,104,0
user89,104,0
user90,104,0
user91,104,1
user92,104,1
user93,104,1
user94,104,0
user95,104,0
user96,104,0
user97,104,0
user98,104,0
user99,104,1
user100,104,1
user1,105,0
user2,105,1
user3,105,1
user4,105,0
user5,105,0
user6,105,1
user7,105,1
user8,105,0
user9,105,1
user10,105,0
user11,105,1
user12,105,0
user13,105,0
user14,105,0
user15,105,0
user16,105,1
user17,105,0
user18,105,0
user19,105,1
user20,105,1
user21,105,1
user22,105,0
user23,105,0
user24,105,1
user25,105,1
user26,105,1
user27,105,0
user28,105,0
user29,105,1
user30,105,0
user31,105,0
user32,105,1
user33,105,0
user34,105,1
user35,105,1
user36,105,1
user37,105,0
user38,105,1
user39,105,1
user40,105,1
user41,105,1
user42,105,0
user43,105,1
user44,105,0
user45,105,1
user46,105,1
user47,105,1
user48,105,0
user49,105,1
user50,105,1
user51,105,1
user52,105,1
user53,105,1
user54,105,0
user55,105,0
user56,105,1
user57,105,0
user58,105,1
user59,105,1
user60,105,1
user61,105,0
user62,105,1
user63,105,1
user64,105,0
user65,105,0
user66,105,1
user67,105,1
user68,105,0
user69,105,0
user70,105,1
user71,105,1
user72,105,1
user73,105,1
user74,105,0
user75,105,0
user76,105,1
user77,105,1
user78,105,1
user79,105,1
user80,105,1
user81,105,1
user82,105,1
user83,105,1
user84,105,1
user85,105,1
user86,105,1
user87,105,0
user88,105,0
user89,105,0
user90,105,0
user91,105,0
user92,105,1
user93,105,1
user94,105,0
user95,105,0
user96,105,0
user97,105,1
user98,105,1
user99,105,1
user100,105,1
user1,106,0
user2,106,1
user3,106,0
user4,106,1
user5,106,1
user6,106,1
user7,106,0
user8,106,1
user9,106,1
user10,106,1
user11,106,1
user12,106,1
user13,106,1
user14,106,1
user15,106,1
user16,106,1
user17,106,1
user18,106,1
user19,106,1
user20,106,1
user21,106,1
user22,106,1
user23,106,1
user24,106,1
user25,106,1
user26,106,1
user27,106,1
user28,106,1
user29,106,1
user30,106,1
user31,106,1
user32,106,1
user33,106,0
user34,106,1
user35,106,1
user36,106,1
user37,106,1
user38,106,1
user39,106,1
user40,106,1
user41,106,1
user42,106,1
user43,106,1
user44,106,1
user45,106,1
user46,106,0
user47,106,1
user48,106,1
user49,106,1
user50,106,1
user51,106,1
user52,106,0
user53,106,1
user54,106,1
user55,106,1
user56,106,1
user57,106,1
user58,106,1
user59,106,0
user60,106,1
user61,106,1
user62,106,0
user63,106,1
user64,106,1
user65,106,1
user66,106,1
user67,106,1
user68,106,1
user69,106,1
user70,106,1
user71,106,0
user72,106,1
user73,106,1
user74,106,1
user75,106,1
user76,106,1
user77,106,1
user78,106,0
user79,106,0
user80,106,1
user81,106,1
user82,106,1
user83,106,1
user84,106,1
user85,106,1
user86,106,1
user87,106,1
user88,106,0
user89,106,0
user90,106,1
user91,106,1
user92,106,0
user93,106,1
user94,106,0
user95,106,1
user96,106,1
user97,106,1
user98,106,1
user99,106,1
user100,106,1
user1,107,1
user2,107,0
user3,107,1
user4,107,1
user5,107,1
user6,107,0
user7,107,1
user8,107,0
user9,107,1
user10,107,1
user11,107,1
user12,107,0
user13,107,1
user14,107,1
user15,107,1
user16,107,1
user17,107,1
user18,107,1
user19,107,1
user20,107,0
user21,107,1
user22,107,1
user23,107,0
user24,107,0
user25,107,0
user26,107,0
user27,107,0
user28,107,0
user29,107,1
user30,107,0
user31,107,1
user32,107,0
user33,107,1
user34,107,1
user35,107,1
user36,107,1
user37,107,0
user38,107,1
user39,107,0
user40,107,0
user41,107,1
user42,107,1
user43,107,1
user44,107,1
user45,107,0
user46,107,1
user47,107,1
user48,107,0
user49,107,0
user50,107,0
user51,107,0
user52,107,0
user53,107,1
user54,107,1
user55,107,1
user56,107,1
user57,107,0
user58,107,1
user59,107,0
user60,107,1
user61,107,1
user62,107,1
user63,107,0
user64,107,1
user65,107,1
user66,107,1
user67,107,1
user68,107,1
user69,107,0
user70,107,1
user71,107,1
user72,107,1
user73,107,0
user74,107,1
user75,107,1
user76,107,0
user77,107,1
user78,107,0
user79,107,0
user80,107,0
user81,107,1
user82,107,1
user83,107,0
user84,107,0
user85,107,1
user86,107,1
user87,107,1
user88,107,1
user89,107,0
user90,107,0
user91,107,1
user92,107,0
user93,107,0
user94,107,0
user95,107,1
user96,107,0
user97,107,1
user98,107,1
user99,107,0
user100,107,1
user1,108,1
user2,108,0
user3,108,0
user4,108,1
user5,108,1
user6,108,1
user7,108,1
user8,108,0
user9,108,1
user10,108,0
user11,108,0
user12,108,0
user13,108,1
user14,108,1
user15,108,1
user16,108,1
user17,108,0
user18,108,0
user19,108,1
user20,108,1
user21,108,1
user22,108,0
user23,108,0
user24,108,0
user25,108,1
user26,108,1
user27,108,1
user28,108,1
user29,108,0
user30,108,1
user31,108,1
user32,108,0
user33,108,1
user34,108,1
user35,108,0
user36,108,1
user37,108,0
user38,108,1
user39,108,1
user40,108,0
user41,108,0
user42,108,1
user43,108,1
user44,108,0
user45,108,1
user46,108,1
user47,108,1
user48,108,0
user49,108,0
user50,108,0
user51,108,0
user52,108,1
user53,108,1
user54,108,1
user55,108,0
user56,108,1
user57,108,1
user58,108,1
user59,108,1
user60,108,1
user61,108,0
user62,108,0
user63,108,0
user64,108,0
user65,108,1
user66,108,0
user67,108,1
user68,108,0
user69,108,1
user70,108,0
user71,108,0
user72,108,0
user73,108,0
user74,108,1
user75,108,0
user76,108,1
user77,108,1
user78,108,0
user79,108,1
user80,108,0
user81,108,0
user82,108,1
user83,108,1
user84,108,1
user85,108,1
user86,108,1
user87,108,1
user88,108,1
user89,108,0
user90,108,1
user91,108,1
user92,108,1
user93,108,1
user94,108,1
user95,108,1
user96,108,0
user97,108,1
user98,108,0
user99,108,1
user100,108,1
user1,109,0
user2,109,1
user3,109,1
user4,109,1
user5,109,1
user6,109,0
user7,109,0
user8,109,1
user9,109,0
user10,109,1
user11,109,0
user12,109,1
user13,109,0
user14,109,1
user15,109,1
user16,109,1
user17,109,1
user18,109,1
user19,109,0
user20,109,0
user21,109,1
user22,109,1
user23,109,0
user24,109,0
user25,109,1
user26,109,0
user27,109,0
user28,109,0
user29,109,1
user30,109,1
user31,109,0
user32,109,1
user33,109,0
user34,109,0
user35,109,1
user36,109,1
user37,109,0
user38,109,1
user39,109,1
user40,109,0
user41,109,1
user42,109,1
user43,109,1
user44,109,0
user45,109,1
user46,109,1
user47,109,1
user48,109,1
user49,109,1
user50,109,1
user51,109,1
user52,109,1
user53,109,1
user54,109,1
user55,109,0
user56,109,0
user57,109,1
user58,109,1
user59,109,1
user60,109,1
user61,109,1
user62,109,1
user63,109,1
user64,109,1
user65,109,1
user66,109,1
user67,109,1
user68,109,0
user69,109,1
user70,109,0
user71,109,1
user72,109,0
user73,109,0
user74,109,1
user75,109,0
user76,109,0
user77,109,1
user78,109,1
user79,109,0
user80,109,1
user81,109,1
user82,109,0
user83,109,0
user84,109,0
user85,109,0
user86,109,1
user87,109,0
user88,109,1
user89,109,1
user90,109,0
user91,109,1
user92,109,0
user93,109,1
user94,109,0
user95,109,1
user96,109,0
user97,109,1
user98,109,0
user99,109,0
user100,109,0
user1,110,0
user2,110,0
user3,110,0
user4,110,1
user5,110,1
user6,110,1
user7,110,1
user8,110,0
user9,110,1
user10,110,0
user11,110,0
user12,110,1
user13,110,1
user14,110,0
user15,110,1
user16,110,0
user17,110,1
user18,110,0
user19,110,0
user20,110,1
user21,110,0
user22,110,1
user23,110,1
user24,110,1
user25,110,0
user26,110,0
user27,110,1
user28,110,0
user29,110,1
user30,110,0
user31,110,0
user32,110,1
user33,110,1
user34,110,1
user35,110,0
user36,110,1
user37,110,0
user38,110,1
user39,110,1
user40,110,1
user41,110,0
user42,110,0
user43,110,0
user44,110,1
user45,110,0
user46,110,1
user47,110,1
user48,110,0
user49,110,1
user50,110,1
user51,110,1
user52,110,1
user53,110,1
user54,110,0
user55,110,1
user56,110,0
user57,110,0
user58,110,1
user59,110,0
user60,110,1
user61,110,0
user62,110,0
user63,110,1
user64,110,1
user65,110,1
user66,110,1
user67,110,1
user68,110,1
user69,110,1
user70,110,1
user71,110,1
user72,110,0
user73,110,0
user74,110,1
user75,110,0
user76,110,1
user77,110,1
user78,110,0
user79,110,1
user80,110,1
user81,110,1
user82,110,1
user83,110,0
user84,110,1
user85,110,1
user86,110,1
user87,110,1
user88,110,0
user89,110,0
user90,110,1
user91,110,0
user92,110,0
user93,110,1
user94,110,1
user95,110,1
user96,110,1
user97,110,1
user98,110,0
user99,110,1
user100,110,0
user1,111,1
user2,111,1
user3,111,1
user4,111,1
user5,111,1
user6,111,0
user7,111,1
user8,111,1
user9,111,1
user10,111,1
user11,111,0
user12,111,0
user13,111,1
user14,111,1
user15,111,0
user16,111,1
user17,111,1
user18,111,1
user19,111,1
user20,111,1
user21,111,1
user22,111,1
user23,111,0
user24,111,1
user25,111,0
user26,111,1
user27,111,0
user28,111,0
user29,111,1
user30,111,1
user31,111,1
user32,111,0
user33,111,1
user34,111,1
user35,111,0
user36,111,0
user37,111,1
user38,111,1
user39,111,1
user40,111,1
user41,111,1
user42,111,1
user43,111,0
user44,111,1
user45,111,1
user46,111,0
user47,111,0
user48,111,1
user49,111,0
user50,111,0
user51,111,0
user52,111,0
user53,111,0
user54,111,0
user55,111,0
user56,111,1
user57,111,0
user58,111,1
user59,111,0
user60,111,0
user61,111,1
user62,111,1
user63,111,0
user64,111,1
user65,111,0
user66,111,1
user67,111,0
user68,111,0
user69,111,1
user70,111,0
user71,111,1
user72,111,1
user73,111,0
user74,111,0
user75,111,1
user76,111,1
user77,111,0
user78,111,1
user79,111,1
user80,111,0
user81,111,1
user82,111,1
user83,111,1
user84,111,1
user85,111,1
user86,111,0
user87,111,1
user88,111,0
user89,111,0
user90,111,1
user91,111,0
user92,111,1
user93,111,0
user94,111,0
user95,111,1
user96,111,1
user97,111,0
user98,111,1
user99,111,1
user100,111,1
user1,116,0
user2,116,1
user3,116,0
user4,116,1
user5,116,0
user6,116,1
user7,116,0
user8,116,1
user9,116,0
user10,116,1
user11,116,1
user12,116,1
user13,116,1
user14,116,1
user15,116,1
user16,116,0
user17,116,1
user18,116,1
user19,116,1
user20,116,0
user21,116,0
user22,116,0
user23,116,0
user24,116,0
user25,116,0
user26,116,1
user27,116,0
user28,116,1
user29,116,0
user30,116,1
user31,116,0
user32,116,1
user33,116,0
user34,116,1
user35,116,1
user36,116,1
user37,116,1
user38,116,0
user39,116,1
user40,116,0
user41,116,0
user42,116,0
user43,116,1
user44,116,1
user45,116,0
user46,116,1
user47,116,1
user48,116,0
user49,116,0
user50,116,1
user51,116,0
user52,116,1
user53,116,0
user54,116,0
user55,116,1
user56,116,1
user57,116,1
user58,116,1
user59,116,0
user60,116,1
user61,116,0
user62,116,1
user63,116,0
user64,116,1
user65,116,0
user66,116,1
user67,116,0
user68,116,0
user69,116,1
user70,116,1
user71,116,1
user72,116,1
user73,116,1
user74,116,1
user75,116,1
user76,116,0
user77,116,1
user78,116,1
user79,116,1
user80,116,1
user81,116,1
user82,116,0
user83,116,1
user84,116,0
user85,116,0
user86,116,1
user87,116,1
user88,116,1
user89,116,1
user90,116,0
user91,116,0
user92,116,1
user93,116,1
user94,116,1
user95,116,1
user96,116,0
user97,116,1
user98,116,0
user99,116,1
user100,116,1
user1,117,1
user2,117,1
user3,117,0
user4,117,1
user5,117,1
user6,117,0
user7,117,1
user8,117,1
user9,117,1
user10,117,1
user11,117,1
user12,117,0
user13,117,0
user14,117,0
user15,117,0
user16,117,1
user17,117,1
user18,117,0
user19,117,1
user20,117,1
user21,117,1
user22,117,0
user23,117,0
user24,117,1
user25,117,0
user26,117,1
user27,117,0
user28,117,1
user29,117,1
user30,117,1
user31,117,1
user32,117,1
user33,117,1
user34,117,0
user35,117,1
user36,117,1
user37,117,0
user38,117,1
user39,117,1
user40,117,0
user41,117,1
user42,117,0
user43,117,1
user44,117,0
user45,117,0
user46,117,1
user47,117,1
user48,117,0
user49,117,1
user50,117,1
user51,117,0
user52,117,1
user53,117,0
user54,117,1
user55,117,1
user56,117,0
user57,117,0
user58,117,1
user59,117,1
user60,117,1
user61,117,1
user62,117,0
user63,117,0
user64,117,0
user65,117,1
user66,117,0
user67,117,1
user68,117,0
user69,117,0
user70,117,0
user71,117,0
user72,117,1
user73,117,1
user74,117,0
user75,117,1
user76,117,0
user77,117,1
user78,117,1
user79,117,0
user80,117,0
user81,117,1
user82,117,0
user83,117,0
user84,117,0
user85,117,1
user86,117,1
user87,117,1
user88,117,1
user89,117,1
user90,117,0
user91,117,1
user92,117,1
user93,117,1
user94,117,0
user95,117,1
user96,117,1
user97,117,1
user98,117,1
user99,117,0
user100,117,1
user1,118,1
user2,118,0
user3,118,1
user4,118,0
user5,118,1
user6,118,0
user7,118,1
user8,118,1
user9,118,0
user10,118,0
user11,118,0
user12,118,1
user13,118,1
user14,118,0
user15,118,0
user16,118,0
user17,118,1
user18,118,0
user19,118,0
user20,118,0
user21,118,0
user22,118,0
user23,118,1
user24,118,0
user25,118,0
user26,118,1
user27,118,1
user28,118,1
user29,118,0
user30,118,0
user31,118,0
user32,118,1
user33,118,1
user34,118,1
user35,118,0
user36,118,1
user37,118,0
user38,118,1
user39,118,1
user40,118,0
user41,118,0
user42,118,0
user43,118,1
user44,118,0
user45,118,0
user46,118,0
user47,118,0
user48,118,0
user49,118,0
user50,118,1
user51,118,0
user52,118,0
user53,118,0
user54,118,0
user55,118,1
user56,118,0
user57,118,1
user58,118,0
user59,118,0
user60,118,0
user61,118,0
user62,118,1
user63,118,1
user64,118,0
user65,118,0
user66,118,0
user67,118,0
user68,118,0
user69,118,0
user70,118,0
user71,118,1
user72,118,0
user73,118,0
user74,118,1
user75,118,0
user76,118,0
user77,118,0
user78,118,0
user79,118,0
user80,118,0
user81,118,1
user82,118,0
user83,118,1
user84,118,0
user85,118,1
user86,118,0
user87,118,0
user88,118,1
user89,118,1
user90,118,1
user91,118,1
user92,118,0
user93,118,1
user94,118,0
user95,118,1
user96,118,0
user97,118,0
user98,118,0
user99,118,0
user100,118,0
user1,122,1
user2,122,1
user3,122,1
user4,122,1
user5,122,1
user6,122,1
user7,122,0
user8,122,0
user9,122,0
user10,122,1
user11,122,1
user12,122,1
user13,122,1
user14,122,0
user15,122,1
user16,122,1
user17,122,1
user18,122,1
user19,122,1
user20,122,1
user21,122,1
user22,122,0
user23,122,1
user24,122,1
user25,122,0
user26,122,1
user27,122,1
user28,122,1
user29,122,1
user30,122,1
user31,122,0
user32,122,0
user33,122,1
user34,122,0
user35,122,1
user36,122,0
user37,122,0
user38,122,0
user39,122,0
user40,122,1
user41,122,1
user42,122,1
user43,122,1
user44,122,1
user45,122,0
user46,122,1
user47,122,0
user48,122,1
user49,122,0
user50,122,0
user51,122,1
user52,122,0
user53,122,1
user54,122,0
user55,122,1
user56,122,1
user57,122,1
user58,122,1
user59,122,1
user60,122,0
user61,122,1
user62,122,0
user63,122,1
user64,122,0
user65,122,1
user66,122,0
user67,122,0
user68,122,1
user69,122,1
user70,122,1
user71,122,1
user72,122,1
user73,122,0
user74,122,1
user75,122,0
user76,122,1
user77,122,1
user78,122,1
user79,122,0
user80,122,1
user81,122,1
user82,122,0
user83,122,0
user84,122,0
user85,122,0
user86,122,0
user87,122,0
user88,122,1
user89,122,0
user90,122,0
user91,122,0
user92,122,0
user93,122,0
user94,122,1
user95,122,1
user96,122,1
user97,122,1
user98,122,0
user99,122,1
user100,122,0
user1,127,0
user2,127,0
user3,127,0
user4,127,0
user5,127,1
user6,127,0
user7,127,0
user8,127,0
user9,127,1
user10,127,0
user11,127,0
user12,127,1
user13,127,0
user14,127,0
user15,127,1
user16,127,0
user17,127,0
user18,127,0
user19,127,1
user20,127,0
user21,127,0
user22,127,0
user23,127,1
user24,127,0
user25,127,0
user26,127,0
user27,127,1
user28,127,0
user29,127,0
user30,127,1
user31,127,0
user32,127,0
user33,127,0
user34,127,0
user35,127,1
user36,127,0
user37,127,0
user38,127,0
user39,127,0
user40,127,0
user41,127,1
user42,127,0
user43,127,0
user44,127,1
user45,127,1
user46,127,0
user47,127,0
user48,127,1
user49,127,0
user50,127,0
user51,127,0
user52,127,1
user53,127,0
user54,127,0
user55,127,1
user56,127,0
user57,127,0
user58,127,0
user59,127,1
user60,127,0
user61,127,0
user62,127,0
user63,127,0
user64,127,1
user65,127,0
user66,127,0
user67,127,0
user68,127,1
user69,127,0
user70,127,1
user71,127,1
user72,127,1
user73,127,0
user74,127,0
user75,127,0
user76,127,1
user77,127,1
user78,127,0
user79,127,1
user80,127,1
user81,127,0
user82,127,1
user83,127,1
user84,127,1
user85,127,1
user86,127,1
user87,127,0
user88,127,0
user89,127,1
user90,127,1
user91,127,0
user92,127,1
user93,127,0
user94,127,0
user95,127,0
user96,127,0
user97,127,0
user98,127,0
user99,127,1
user100,127,1
user1,128,0
user2,128,0
user3,128,1
user4,128,0
user5,128,0
user6,128,0
user7,128,1
user8,128,1
user9,128,1
user10,128,0
user11,128,0
user12,128,1
user13,128,1
user14,128,0
user15,128,0
user16,128,0
user17,128,0
user18,128,0
user19,128,1
user20,128,1
user21,128,0
user22,128,0
user23,128,0
user24,128,0
user25,128,0
user26,128,0
user27,128,1
user28,128,1
user29,128,0
user30,128,0
user31,128,0
user32,128,1
user33,128,1
user34,128,1
user35,128,0
user36,128,0
user37,128,1
user38,128,0
user39,128,0
user40,128,1
user41,128,0
user42,128,0
user43,128,0
user44,128,0
user45,128,1
user46,128,0
user47,128,1
user48,128,0
user49,128,1
user50,128,1
user51,128,0
user52,128,1
user53,128,1
user54,128,0
user55,128,0
user56,128,0
user57,128,0
user58,128,0
user59,128,0
user60,128,0
user61,128,0
user62,128,0
user63,128,0
user64,128,0
user65,128,1
user66,128,0
user67,128,1
user68,128,0
user69,128,1
user70,128,1
user71,128,0
user72,128,0
user73,128,0
user74,128,1
user75,128,1
user76,128,0
user77,128,0
user78,128,0
user79,128,0
user80,128,0
user81,128,1
user82,128,0
user83,128,0
user84,128,1
user85,128,0
user86,128,1
user87,128,0
user88,128,1
user89,128,0
user90,128,0
user91,128,0
user92,128,1
user93,128,0
user94,128,1
user95,128,0
user96,128,0
user97,128,1
user98,128,0
user99,128,0
user100,128,1
user1,129,1
user2,129,1
user3,129,0
user4,129,1
user5,129,0
user6,129,1
user7,129,1
user8,129,0
user9,129,1
user10,129,1
user11,129,0
user12,129,0
user13,129,1
user14,129,0
user15,129,0
user16,129,1
user17,129,0
user18,129,0
user19,129,0
user20,129,0
user21,129,1
user22,129,1
user23,129,1
user24,129,1
user25,129,0
user26,129,0
user27,129,0
user28,129,0
user29,129,1
user30,129,0
user31,129,0
user32,129,0
user33,129,1
user34,129,0
user35,129,0
user36,129,0
user37,129,0
user38,129,0
user39,129,0
user40,129,0
user41,129,1
user42,129,0
user43,129,0
user44,129,0
user45,129,1
user46,129,1
user47,129,0
user48,129,1
user49,129,0
user50,129,1
user51,129,0
user52,129,1
user53,129,0
user54,129,1
user55,129,0
user56,129,0
user57,129,1
user58,129,0
user59,129,1
user60,129,0
user61,129,0
user62,129,0
user63,129,1
user64,129,0
user65,129,0
user66,129,1
user67,129,1
user68,129,0
user69,129,0
user70,129,0
user71,129,0
user72,129,0
user73,129,0
user74,129,0
user75,129,0
user76,129,1
user77,129,1
user78,129,1
user79,129,0
user80,129,0
user81,129,0
user82,129,0
user83,129,1
user84,129,0
user85,129,0
user86,129,0
user87,129,0
user88,129,1
user89,129,0
user90,129,0
user91,129,0
user92,129,0
user93,129,0
user94,129,0
user95,129,1
user96,129,0
user97,129,0
user98,129,0
user99,129,1
user100,129,1
user1,130,0
user2,130,1
user3,130,0
user4,130,0
user5,130,0
user6,130,0
user7,130,0
user8,130,0
user9,130,0
user10,130,1
user11,130,0
user12,130,1
user13,130,1
user14,130,0
user15,130,0
user16,130,1
user17,130,0
user18,130,0
user19,130,0
user20,130,1
user21,130,0
user22,130,1
user23,130,0
user24,130,1
user25,130,1
user26,130,1
user27,130,1
user28,130,0
user29,130,0
user30,130,0
user31,130,0
user32,130,1
user33,130,0
user34,130,1
user35,130,1
user36,130,1
user37,130,0
user38,130,0
user39,130,1
user40,130,0
user41,130,0
user42,130,0
user43,130,0
user44,130,1
user45,130,1
user46,130,0
user47,130,1
user48,130,1
user49,130,0
user50,130,1
user51,130,0
user52,130,0
user53,130,0
user54,130,1
user55,130,0
user56,130,1
user57,130,0
user58,130,0
user59,130,0
user60,130,0
user61,130,0
user62,130,0
user63,130,1
user64,130,1
user65,130,0
user66,130,0
user67,130,0
user68,130,1
user69,130,0
user70,130,1
user71,130,1
user72,130,0
user73,130,0
user74,130,0
user75,130,1
user76,130,0
user77,130,1
user78,130,0
user79,130,0
user80,130,1
user81,130,0
user82,130,0
user83,130,0
user84,130,0
user85,130,0
user86,130,0
user87,130,0
user88,130,1
user89,130,0
user90,130,0
user91,130,0
user92,130,0
user93,130,0
user94,130,0
user95,130,0
user96,130,0
user97,130,0
user98,130,1
user99,130,1
user100,130,1
user1,131,0
user2,131,1
user3,131,0
user4,131,1
user5,131,1
user6,131,1
user7,131,0
user8,131,1
user9,131,1
user10,131,1
user11,131,1
user12,131,1
user13,131,1
user14,131,1
user15,131,1
user16,131,0
user17,131,1
user18,131,0
user19,131,1
user20,131,1
user21,131,0
user22,131,1
user23,131,1
user24,131,0
user25,131,0
user26,131,1
user27,131,1
user28,131,0
user29,131,0
user30,131,0
user31,131,1
user32,131,0
user33,131,0
user34,131,1
user35,131,0
user36,131,1
user37,131,0
user38,131,0
user39,131,0
user40,131,0
user41,131,1
user42,131,0
user43,131,1
user44,131,1
user45,131,1
user46,131,0
user47,131,1
user48,131,0
user49,131,0
user50,131,1
user51,131,1
user52,131,1
user53,131,1
user54,131,0
user55,131,0
user56,131,0
user57,131,0
user58,131,1
user59,131,1
user60,131,0
user61,131,1
user62,131,1
user63,131,1
user64,131,1
user65,131,0
user66,131,1
user67,131,1
user68,131,1
user69,131,1
user70,131,1
user71,131,0
user72,131,1
user73,131,0
user74,131,1
user75,131,0
user76,131,0
user77,131,1
user78,131,1
user79,131,0
user80,131,1
user81,131,1
user82,131,0
user83,131,1
user84,131,1
user85,131,0
user86,131,1
user87,131,0
user88,131,1
user89,131,1
user90,131,1
user91,131,1
user92,131,1
user93,131,0
user94,131,1
user95,131,1
user96,131,0
user97,131,1
user98,131,0
user99,131,0
user100,131,1
user1,132,0
user2,132,1
user3,132,1
user4,132,1
user5,132,1
user6,132,1
user7,132,1
user8,132,0
user9,132,0
user10,132,0
user11,132,1
user12,132,0
user13,132,1
user14,132,0
user15,132,0
user16,132,0
user17,132,0
user18,132,0
user19,132,1
user20,132,0
user21,132,1
user22,132,0
user23,132,1
user24,132,0
user25,132,1
user26,132,1
user27,132,0
user28,132,1
user29,132,0
user30,132,0
user31,132,1
user32,132,1
user33,132,0
user34,132,0
user35,132,1
user36,132,0
user37,132,1
user38,132,0
user39,132,0
user40,132,1
user41,132,0
user42,132,1
user43,132,0
user44,132,1
user45,132,1
user46,132,0
user47,132,0
user48,132,0
user49,132,1
user50,132,0
user51,132,0
user52,132,0
user53,132,1
user54,132,1
user55,132,0
user56,132,0
user57,132,0
user58,132,0
user59,132,0
user60,132,0
user61,132,0
user62,132,1
user63,132,0
user64,132,0
user65,132,0
user66,132,1
user67,132,0
user68,132,0
user69,132,1
user70,132,0
user71,132,0
user72,132,0
user73,132,0
user74,132,0
user75,132,0
user76,132,0
user77,132,1
user78,132,0
user79,132,1
user80,132,1
user81,132,0
user82,132,0
user83,132,1
user84,132,0
user85,132,0
user86,132,0
user87,132,0
user88,132,0
user89,132,0
user90,132,0
user91,132,0
user92,132,1
user93,132,1
user94,132,1
user95,132,0
user96,132,0
user97,132,0
user98,132,0
user99,132,0
user100,132,0
user1,133,1
user2,133,0
user3,133,1
user4,133,1
user5,133,1
user6,133,0
user7,133,0
user8,133,0
user9,133,0
user10,133,0
user11,133,0
user12,133,0
user13,133,1
user14,133,0
user15,133,0
user16,133,0
user17,133,1
user18,133,0
user19,133,0
user20,133,0
user21,133,0
user22,133,0
user23,133,0
user24,133,0
user25,133,0
user26,133,0
user27,133,0
user28,133,0
user29,133,0
user30,133,0
user31,133,0
user32,133,0
user33,133,0
user34,133,0
user35,133,0
user36,133,0
user37,133,0
user38,133,0
user39,133,0
user40,133,1
user41,133,0
user42,133,0
user43,133,1
user44,133,0
user45,133,1
user46,133,1
user47,133,0
user48,133,1
user49,133,0
user50,133,0
user51,133,1
user52,133,0
user53,133,0
user54,133,1
user55,133,0
user56,133,1
user57,133,1
user58,133,0
user59,133,0
user60,133,0
user61,133,0
user62,133,1
user63,133,1
user64,133,1
user65,133,0
user66,133,0
user67,133,0
user68,133,1
user69,133,0
user70,133,0
user71,133,0
user72,133,1
user73,133,1
user74,133,1
user75,133,1
user76,133,0
user77,133,1
user78,133,0
user79,133,1
user80,133,1
user81,133,1
user82,133,0
user83,133,1
user84,133,0
user85,133,0
user86,133,0
user87,133,1
user88,133,1
user89,133,1
user90,133,1
user91,133,1
user92,133,0
user93,133,0
user94,133,0
user95,133,1
user96,133,0
user97,133,0
user98,133,1
user99,133,0
user100,133,0
user1,134,1
user2,134,0
user3,134,1
user4,134,0
user5,134,1
user6,134,1
user7,134,1
user8,134,1
user9,134,1
user10,134,1
user11,134,1
user12,134,1
user13,134,1
user14,134,1
user15,134,0
user16,134,0
user17,134,1
user18,134,1
user19,134,1
user20,134,0
user21,134,1
user22,134,1
user23,134,1
user24,134,0
user25,134,1
user26,134,1
user27,134,1
user28,134,1
user29,134,1
user30,134,0
user31,134,1
user32,134,0
user33,134,1
user34,134,0
user35,134,1
user36,134,0
user37,134,1
user38,134,0
user39,134,1
user40,134,0
user41,134,0
user42,134,1
user43,134,1
user44,134,1
user45,134,1
user46,134,0
user47,134,0
user48,134,1
user49,134,0
user50,134,1
user51,134,1
user52,134,1
user53,134,1
user54,134,0
user55,134,0
user56,134,1
user57,134,0
user58,134,0
user59,134,1
user60,134,1
user61,134,0
user62,134,0
user63,134,1
user64,134,0
user65,134,0
user66,134,0
user67,134,1
user68,134,0
user69,134,1
user70,134,1
user71,134,1
user72,134,0
user73,134,0
user74,134,1
user75,134,0
user76,134,1
user77,134,1
user78,134,1
user79,134,0
user80,134,1
user81,134,0
user82,134,1
user83,134,0
user84,134,0
user85,134,0
user86,134,1
user87,134,1
user88,134,0
user89,134,0
user90,134,1
user91,134,0
user92,134,1
user93,134,0
user94,134,1
user95,134,1
user96,134,1
user97,134,0
user98,134,0
user99,134,1
user100,134,1
user1,135,1
user2,135,1
user3,135,1
user4,135,0
user5,135,0
user6,135,0
user7,135,1
user8,135,1
user9,135,0
user10,135,0
user11,135,0
user12,135,1
user13,135,1
user14,135,0
user15,135,1
user16,135,1
user17,135,1
user18,135,1
user19,135,1
user20,135,0
user21,135,0
user22,135,1
user23,135,0
user24,135,1
user25,135,0
user26,135,0
user27,135,0
user28,135,1
user29,135,0
user30,135,1
user31,135,0
user32,135,0
user33,135,1
user34,135,0
user35,135,0
user36,135,0
user37,135,0
user38,135,0
user39,135,1
user40,135,0
user41,135,0
user42,135,1
user43,135,0
user44,135,0
user45,135,0
user46,135,0
user47,135,0
user48,135,1
user49,135,0
user50,135,1
user51,135,0
user52,135,1
user53,135,0
user54,135,1
user55,135,1
user56,135,1
user57,135,0
user58,135,0
user59,135,0
user60,135,0
user61,135,0
user62,135,1
user63,135,0
user64,135,0
user65,135,0
user66,135,1
user67,135,0
user68,135,1
user69,135,1
user70,135,0
user71,135,0
user72,135,0
user73,135,0
user74,135,0
user75,135,0
user76,135,0
user77,135,0
user78,135,0
user79,135,0
user80,135,1
user81,135,0
user82,135,0
user83,135,0
user84,135,1
user85,135,0
user86,135,0
user87,135,0
user88,135,0
user89,135,0
user90,135,0
user91,135,0
user92,135,1
user93,135,1
user94,135,0
user95,135,1
user96,135,0
user97,135,0
user98,135,1
user99,135,0
user100,135,0
user1,137,1
user2,137,0
user3,137,1
user4,137,0
user5,137,0
user6,137,0
user7,137,0
user8,137,0
user9,137,0
user10,137,0
user11,137,0
user12,137,0
user13,137,1
user14,137,0
user15,137,0
user16,137,0
user17,137,0
user18,137,1
user19,137,0
user20,137,1
user21,137,1
user22,137,1
user23,137,0
user24,137,0
user25,137,0
user26,137,1
user27,137,1
user28,137,1
user29,137,0
user30,137,0
user31,137,0
user32,137,0
user33,137,0
user34,137,1
user35,137,1
user36,137,0
user37,137,0
user38,137,0
user39,137,0
user40,137,0
user41,137,0
user42,137,0
user43,137,0
user44,137,0
user45,137,0
user46,137,0
user47,137,1
user48,137,0
user49,137,0
user50,137,1
user51,137,1
user52,137,0
user53,137,0
user54,137,0
user55,137,1
user56,137,0
user57,137,0
user58,137,0
user59,137,0
user60,137,1
user61,137,1
user62,137,0
user63,137,0
user64,137,1
user65,137,0
user66,137,1
user67,137,1
user68,137,0
user69,137,1
user70,137,1
user71,137,1
user72,137,1
user73,137,0
user74,137,0
user75,137,0
user76,137,1
user77,137,0
user78,137,1
user79,137,1
user80,137,1
user81,137,0
user82,137,1
user83,137,0
user84,137,0
user85,137,0
user86,137,1
user87,137,0
user88,137,0
user89,137,0
user90,137,0
user91,137,0
user92,137,0
user93,137,1
user94,137,0
user95,137,1
user96,137,0
user97,137,0
user98,137,1
user99,137,0
user100,137,1
user1,138,0
user2,138,1
user3,138,1
user4,138,1
user5,138,0
user6,138,0
user7,138,1
user8,138,0
user9,138,1
user10,138,0
user11,138,0
user12,138,0
user13,138,1
user14,138,1
user15,138,1
user16,138,1
user17,138,0
user18,138,0
user19,138,0
user20,138,0
user21,138,0
user22,138,0
user23,138,0
user24,138,1
user25,138,1
user26,138,1
user27,138,0
user28,138,0
user29,138,0
user30,138,1
user31,138,1
user32,138,1
user33,138,0
user34,138,1
user35,138,1
user36,138,1
user37,138,1
user38,138,0
user39,138,1
user40,138,0
user41,138,0
user42,138,1
user43,138,0
user44,138,0
user45,138,0
user46,138,0
user47,138,0
user48,138,1
user49,138,0
user50,138,0
user51,138,0
user52,138,1
user53,138,0
user54,138,0
user55,138,0
user56,138,0
user57,138,0
user58,138,1
user59,138,0
user60,138,0
user61,138,1
user62,138,0
user63,138,0
user64,138,0
user65,138,0
user66,138,0
user67,138,0
user68,138,1
user69,138,0
user70,138,1
user71,138,1
user72,138,0
user73,138,0
user74,138,0
user75,138,0
user76,138,0
user77,138,1
user78,138,0
user79,138,1
user80,138,0
user81,138,0
user82,138,0
user83,138,0
user84,138,0
user85,138,1
user86,138,0
user87,138,1
user88,138,0
user89,138,0
user90,138,0
user91,138,0
user92,138,0
user93,138,1
user94,138,1
user95,138,1
user96,138,0
user97,138,0
user98,138,0
user99,138,0
user100,138,0
user1,139,0
user2,139,0
user3,139,1
user4,139,0
user5,139,1
user6,139,1
user7,139,0
user8,139,0
user9,139,0
user10,139,0
user11,139,0
user12,139,0
user13,139,0
user14,139,1
user15,139,1
user16,139,0
user17,139,0
user18,139,0
user19,139,0
user20,139,1
user21,139,0
user22,139,0
user23,139,0
user24,139,1
user25,139,0
user26,139,1
user27,139,1
user28,139,1
user29,139,0
user30,139,0
user31,139,0
user32,139,0
user33,139,0
user34,139,0
user35,139,0
user36,139,0
user37,139,1
user38,139,0
user39,139,0
user40,139,0
user41,139,0
user42,139,0
user43,139,1
user44,139,1
user45,139,0
user46,139,0
user47,139,0
user48,139,0
user49,139,0
user50,139,1
user51,139,1
user52,139,1
user53,139,1
user54,139,1
user55,139,0
user56,139,1
user57,139,0
user58,139,1
user59,139,0
user60,139,0
user61,139,0
user62,139,0
user63,139,1
user64,139,0
user65,139,1
user66,139,1
user67,139,0
user68,139,0
user69,139,1
user70,139,1
user71,139,1
user72,139,0
user73,139,0
user74,139,1
user75,139,1
user76,139,0
user77,139,0
user78,139,1
user79,139,0
user80,139,0
user81,139,0
user82,139,0
user83,139,1
user84,139,0
user85,139,0
user86,139,0
user87,139,0
user88,139,1
user89,139,0
user90,139,0
user91,139,0
user92,139,1
user93,139,0
user94,139,0
user95,139,0
user96,139,0
user97,139,1
user98,139,0
user99,139,1
user100,139,1
